addr,name,class,obj,status,reason,seeds_passed,seeds_total,z3_proven
0x1bcd0,action_vehicle_setup_impromptu,stubbable,actions.obj,pass,,50,50,0
0x1c030,FUN_0001c030,stubbable,actions.obj,pass,,50,50,0
0x1c190,FUN_0001c190,stubbable,actions.obj,pass,,50,50,0
0x1c270,encounter_get_squad,leaf,actions.obj,pass,,50,50,0
0x1c300,actor_action_perform,stubbable,actions.obj,pass,,50,50,0
0x1c370,actor_action_update,stubbable,actions.obj,pass,,50,50,0
0x1c530,actor_action_flush_structure_indices,stubbable,actions.obj,pass,,50,50,0
0x1c5a0,actor_action_handle_panic_from_surprise,stubbable,actions.obj,fail,divergence,0,50,0
0x1c660,actor_action_handle_panic_from_damage,stubbable,actions.obj,pass,,50,50,0
0x1c750,actor_action_handle_panic_from_burning_to_death,stubbable,actions.obj,pass,,50,50,0
0x1c7f0,actor_action_handle_panic_from_attached_projectiles,stubbable,actions.obj,pass,,50,50,0
0x1c880,actor_action_handle_panic_from_attached_melee_attackers,stubbable,actions.obj,pass,,50,50,0
0x1c8d0,actor_action_handle_berserking_from_attacking_mode,stubbable,actions.obj,pass,,50,50,0
0x1c940,actor_action_handle_berserking_from_proximity,stubbable,actions.obj,pass,,50,50,0
0x1ca00,actor_action_handle_berserking_from_damage,stubbable,actions.obj,pass,,50,50,0
0x1ca90,actor_action_deny_transition,stubbable,actions.obj,pass,,50,50,0
0x1cb30,FUN_0001cb30,stubbable,actions.obj,pass,,50,50,0
0x1cb70,actor_action_handle_vehicle_exit,stubbable,actions.obj,pass,,50,50,0
0x1cf10,actor_action_can_stop_guarding,stubbable,actions.obj,pass,,50,50,0
0x1d030,actor_action_change,stubbable,actions.obj,pass,,50,50,0
0x1d350,actor_action_try_to_seek_cover,stubbable,actions.obj,pass,,15,50,0
0x1d420,actor_action_try_to_enter_vehicle,stubbable,actions.obj,pass,,44,50,0
0x1d5f0,actor_mode_name,data_only,actions.obj,pass,,50,50,0
0x1d620,actor_action_debug_color,stubbable,actions.obj,pass,,50,50,0
0x1d760,set_real_vector2d,leaf,actions.obj,pass,,50,50,0
0x1d780,set_real_vector3d,leaf,actions.obj,pass,,50,50,0
0x1d7a0,point_to_line_distance3d,stubbable,actions.obj,pass,,50,50,0
0x1dab0,actor_action_handle_initial_action,stubbable,actions.obj,pass,,50,50,0
0x1daf0,actor_action_handle_pending_command_list,stubbable,actions.obj,pass,,50,50,0
0x1db90,actor_action_handle_surprise,stubbable,actions.obj,pass,,50,50,0
0x1dea0,actor_action_handle_combat_targeting,stubbable,actions.obj,fail,divergence,0,50,0
0x1dfa0,actor_action_handle_vehicle_entry,stubbable,actions.obj,pass,,50,50,0
0x1e700,actor_action_handle_active_cover_seeking,stubbable,actions.obj,pass,,50,50,0
0x1ef90,actor_action_handle_lost_contact,stubbable,actions.obj,fail,divergence,0,50,0
0x1f770,actor_action_handle_combat_status,stubbable,actions.obj,fail,divergence,0,50,0
0x1f9a0,actor_action_handle_exit_pursuit,stubbable,actions.obj,pass,,50,50,0
0x20140,actors_searching_same_position,stubbable,actions.obj,pass,,50,50,0
0x204f0,actor_action_handle_combat_transition,data_only,actions.obj,error,emulation_error,0,50,0
0x20670,actor_action_handle_evasion,stubbable,actions.obj,pass,,50,50,0
0x21080,FUN_00021080,stubbable,actions.obj,pass,,50,50,0
0x210b0,FUN_000210b0,stubbable,actions.obj,pass,,50,50,0
0x210f0,FUN_000210f0,stubbable,actions.obj,pass,,50,50,0
0x36860,FUN_00036860,stubbable,actors.obj,pass,,50,50,0
0x36890,FUN_00036890,stubbable,actors.obj,pass,,50,50,0
0x36c00,FUN_00036c00,stubbable,actors.obj,pass,,50,50,0
0x36e50,FUN_00036e50,stubbable,actors.obj,pass,,50,50,0
0x36f20,FUN_00036f20,stubbable,actors.obj,pass,,50,50,0
0x37b50,FUN_00037b50,stubbable,actors.obj,pass,,50,50,0
0x37d50,FUN_00037d50,stubbable,actors.obj,pass,,50,50,0
0x38000,FUN_00038000,stubbable,actors.obj,pass,,50,50,0
0x38200,FUN_00038200,stubbable,actors.obj,pass,,50,50,0
0x38370,FUN_00038370,stubbable,actors.obj,fail,divergence,0,50,0
0x38880,FUN_00038880,stubbable,actors.obj,pass,,50,50,0
0x38b10,FUN_00038b10,stubbable,actors.obj,pass,,50,50,0
0x38da0,FUN_00038da0,data_only,actors.obj,pass,,50,50,0
0x38e00,FUN_00038e00,data_only,actors.obj,pass,,50,50,0
0x39c80,FUN_00039c80,stubbable,actors.obj,pass,,50,50,0
0x39f30,FUN_00039f30,stubbable,actors.obj,pass,,50,50,0
0x3a190,FUN_0003a190,stubbable,actors.obj,pass,,50,50,0
0x3a3b0,FUN_0003a3b0,stubbable,actors.obj,pass,,50,50,0
0x3a480,FUN_0003a480,stubbable,actors.obj,pass,,50,50,0
0x3a740,FUN_0003a740,leaf,actors.obj,error,emulation_error,0,50,0
0x3a760,FUN_0003a760,leaf,actors.obj,error,emulation_error,0,50,0
0x3a770,FUN_0003a770,leaf,actors.obj,error,emulation_error,0,50,0
0x3a790,FUN_0003a790,leaf,actors.obj,error,emulation_error,0,50,0
0x3a7b0,FUN_0003a7b0,leaf,actors.obj,error,emulation_error,0,50,0
0x3a7d0,FUN_0003a7d0,leaf,actors.obj,error,emulation_error,0,50,0
0x3a7f0,FUN_0003a7f0,leaf,actors.obj,error,emulation_error,0,50,0
0x3a800,FUN_0003a800,leaf,actors.obj,error,emulation_error,0,50,0
0x3a810,FUN_0003a810,stubbable,actors.obj,error,emulation_error,0,50,0
0x3a840,FUN_0003a840,stubbable,actors.obj,error,emulation_error,0,50,0
0x3a8a0,FUN_0003a8a0,stubbable,actors.obj,error,emulation_error,0,50,0
0x3a920,FUN_0003a920,stubbable,actors.obj,error,emulation_error,0,50,0
0x3a990,actors_initialize,stubbable,actors.obj,pass,,50,50,0
0x3aca0,actor_verify_activation,stubbable,actors.obj,pass,,50,50,0
0x3b320,actor_has_ranged_weapon,stubbable,actors.obj,fail,divergence,0,50,0
0x3b410,FUN_0003b410,stubbable,actors.obj,pass,,50,50,0
0x3b630,actor_flush_structure_indices,stubbable,actors.obj,pass,,50,50,0
0x3b6f0,actor_has_unlimited_grenades,leaf,actors.obj,pass,,50,50,0
0x3b7e0,FUN_0003b7e0,stubbable,actors.obj,pass,,50,50,0
0x3b860,FUN_0003b860,stubbable,actors.obj,pass,,50,50,0
0x3b900,actors_freeze,stubbable,actors.obj,pass,,50,50,0
0x3b940,FUN_0003b940,stubbable,actors.obj,pass,,50,50,0
0x3ba00,actors_move_randomly,stubbable,actors.obj,pass,,90,90,0
0x3baa0,FUN_0003baa0,stubbable,actors.obj,fail,divergence,0,50,0
0x3bd50,actor_destination_tolerance,stubbable,actors.obj,pass,,50,50,0
0x3bde0,FUN_0003bde0,stubbable,actors.obj,pass,,50,50,0
0x3be90,FUN_0003be90,stubbable,actors.obj,fail,divergence,0,50,0
0x3c0c0,actors_handle_spatial_effect,stubbable,actors.obj,pass,,50,50,0
0x3c260,actor_unit_control_crouch,stubbable,actors.obj,pass,,50,50,0
0x3c2a0,actor_unit_control_jump,stubbable,actors.obj,pass,,50,50,0
0x3c2d0,actor_unit_control_primary_trigger,stubbable,actors.obj,pass,,50,50,0
0x3c330,actor_unit_control_secondary_trigger,stubbable,actors.obj,pass,,50,50,0
0x3c370,actor_handle_communication,stubbable,actors.obj,pass,,50,50,0
0x3c3a0,actor_unit_control_exact_facing,stubbable,actors.obj,not_applicable,oracle_extract_failed,0,0,0
0x3c3e0,actor_unit_control_stop_animation_impulse,stubbable,actors.obj,pass,,50,50,0
0x3c7c0,actor_customize_unit,stubbable,actors.obj,pass,,50,50,0
0x3ca40,actor_set_dormant,stubbable,actors.obj,pass,,20,50,0
0x3cb50,FUN_0003cb50,stubbable,actors.obj,error,emulation_error,0,50,0
0x3cbc0,actor_delete_props,stubbable,actors.obj,error,emulation_error,0,50,0
0x3cc10,actor_delete,stubbable,actors.obj,pass,,1,50,0
0x3cd30,actor_swarm_cache_new,stubbable,actors.obj,pass,,50,50,0
0x3ce40,actor_get_running_blind_vector,stubbable,actors.obj,pass,,50,50,0
0x3cf10,actor_kill,stubbable,actors.obj,pass,,42,50,0
0x3cff0,actor_died,stubbable,actors.obj,error,emulation_error,0,50,0
0x3d330,actor_swarm_unit_died,stubbable,actors.obj,pass,,50,50,0
0x3d3d0,actor_braindead,stubbable,actors.obj,pass,,6,50,0
0x3d430,actor_handle_unit_effect,stubbable,actors.obj,pass,,43,50,0
0x3d5f0,actor_set_active,stubbable,actors.obj,fail,divergence,0,50,0
0x3d6c0,actor_swarm_attach_unit,stubbable,actors.obj,pass,,50,50,0
0x3d950,actor_erase,stubbable,actors.obj,pass,,5,50,0
0x3d9f0,FUN_0003d9f0,stubbable,actors.obj,fail,divergence,0,50,0
0x3dc20,FUN_0003dc20,stubbable,actors.obj,error,emulation_error,0,50,0
0x3e570,actors_handle_unit_effect,stubbable,actors.obj,error,timeout,0,0,0
0x3e7a0,FUN_0003e7a0,stubbable,actors.obj,pass,,65,65,0
0x3eab0,actor_attach_unit,stubbable,actors.obj,error,emulation_error,0,50,0
0x3ec80,FUN_0003ec80,stubbable,actors.obj,fail,divergence,0,50,0
0x3edc0,actor_create_for_unit,stubbable,actors.obj,pass,,19,50,0
0x3f030,FUN_0003f030,stubbable,actors.obj,not_applicable,oracle_truncated,0,0,0
0x13dd0,FUN_00013dd0,stubbable,actor_looking.obj,pass,,50,50,0
0x13ef0,FUN_00013ef0,stubbable,actor_looking.obj,pass,,50,50,0
0x14360,actor_update_prop_desire,stubbable,actor_looking.obj,pass,,50,50,0
0x14460,FUN_00014460,stubbable,actor_looking.obj,pass,,50,50,0
0x14480,FUN_00014480,stubbable,actor_looking.obj,pass,,50,50,0
0x14510,actor_set_prop_if_match,stubbable,actor_looking.obj,pass,,50,50,0
0x14540,FUN_00014540,stubbable,actor_looking.obj,pass,,50,50,0
0x145c0,FUN_000145c0,stubbable,actor_looking.obj,pass,,50,50,0
0x145f0,FUN_000145f0,stubbable,actor_looking.obj,pass,,50,50,0
0x14620,FUN_00014620,stubbable,actor_looking.obj,pass,,50,50,0
0x14680,FUN_00014680,stubbable,actor_looking.obj,pass,,50,50,0
0x146f0,FUN_000146f0,stubbable,actor_looking.obj,pass,,50,50,0
0x14770,FUN_00014770,stubbable,actor_looking.obj,pass,,50,50,0
0x14b40,FUN_00014b40,stubbable,actor_looking.obj,pass,,50,50,0
0x14b70,FUN_00014b70,stubbable,actor_looking.obj,pass,,50,50,0
0x14ba0,FUN_00014ba0,stubbable,actor_looking.obj,pass,,50,50,0
0x14c10,FUN_00014c10,stubbable,actor_looking.obj,pass,,50,50,0
0x14e90,FUN_00014e90,stubbable,actor_looking.obj,pass,,50,50,0
0x14ff0,FUN_00014ff0,stubbable,actor_looking.obj,pass,,50,50,0
0x15020,FUN_00015020,leaf,actor_looking.obj,pass,,50,50,1
0x15040,FUN_00015040,stubbable,actor_looking.obj,pass,,50,50,0
0x15150,FUN_00015150,stubbable,actor_looking.obj,pass,,50,50,0
0x151b0,FUN_000151b0,stubbable,actor_looking.obj,pass,,50,50,0
0x15250,FUN_00015250,stubbable,actor_looking.obj,pass,,50,50,0
0x153e0,FUN_000153e0,stubbable,actor_looking.obj,error,emulation_error,0,50,0
0x15520,FUN_00015520,stubbable,actor_looking.obj,pass,,50,50,0
0x15880,FUN_00015880,stubbable,actor_looking.obj,pass,,50,50,0
0x15900,FUN_00015900,stubbable,actor_looking.obj,fail,divergence,49,50,0
0x159d0,FUN_000159d0,stubbable,actor_looking.obj,pass,,50,50,0
0x15b30,FUN_00015b30,stubbable,actor_looking.obj,pass,,50,50,0
0x15b70,actor_clear_guard_state,stubbable,actor_looking.obj,pass,,50,50,0
0x15cf0,FUN_00015cf0,stubbable,actor_looking.obj,pass,,50,50,0
0x15eb0,actor_reset_action_state,stubbable,actor_looking.obj,pass,,50,50,0
0x15f30,actor_clear_flee_target,stubbable,actor_looking.obj,pass,,50,50,0
0x15f60,FUN_00015f60,stubbable,actor_looking.obj,pass,,50,50,0
0x16000,actor_replace_prop_handle,stubbable,actor_looking.obj,pass,,50,50,0
0x16050,FUN_00016050,stubbable,actor_looking.obj,fail,divergence,0,50,0
0x16210,FUN_00016210,stubbable,actor_looking.obj,pass,,90,90,0
0x163d0,FUN_000163d0,stubbable,actor_looking.obj,fail,divergence,0,50,0
0x16590,FUN_00016590,stubbable,actor_looking.obj,not_applicable,oracle_truncated,0,0,0
0x16960,FUN_00016960,leaf,actor_looking.obj,pass,,50,50,1
0x169a0,FUN_000169a0,stubbable,actor_looking.obj,pass,,50,50,0
0x16bd0,actor_look_secondary_stop,stubbable,actor_looking.obj,pass,,47,50,0
0x16c40,FUN_00016c40,stubbable,actor_looking.obj,pass,,50,50,0
0x16c80,FUN_00016c80,stubbable,actor_looking.obj,pass,,50,50,0
0x16cd0,FUN_00016cd0,leaf,actor_looking.obj,pass,,50,50,1
0x16cf0,FUN_00016cf0,stubbable,actor_looking.obj,pass,,50,50,0
0x16d40,actor_look_compute_prop_interest,stubbable,actor_looking.obj,pass,,80,80,0
0x16e70,FUN_00016e70,stubbable,actor_looking.obj,fail,divergence,0,50,0
0x16ff0,FUN_00016ff0,stubbable,actor_looking.obj,pass,,50,50,0
0x17060,actor_clear_aim_target,stubbable,actor_looking.obj,pass,,50,50,0
0x17090,FUN_00017090,stubbable,actor_looking.obj,pass,,50,50,0
0x17120,FUN_00017120,data_only,actor_looking.obj,pass,,35,50,0
0x178b0,FUN_000178b0,leaf,actor_looking.obj,pass,,50,50,1
0x178d0,cross_product3d,leaf,actor_looking.obj,pass,,50,50,1
0x17910,FUN_00017910,leaf,actor_looking.obj,pass,,50,50,1
0x17940,FUN_00017940,stubbable,actor_looking.obj,pass,,50,50,0
0x17960,FUN_00017960,stubbable,actor_looking.obj,pass,,50,50,0
0x17ab0,FUN_00017ab0,stubbable,actor_looking.obj,pass,,50,50,0
0x18b90,FUN_00018b90,stubbable,actor_looking.obj,pass,,50,50,0
0x19230,FUN_00019230,leaf,actor_looking.obj,pass,,40,50,1
0x192b0,FUN_000192b0,stubbable,actor_looking.obj,pass,,50,50,0
0x19370,FUN_00019370,stubbable,actor_looking.obj,pass,,50,50,0
0x19750,FUN_00019750,stubbable,actor_looking.obj,fail,divergence,0,50,0
0x197d0,FUN_000197d0,stubbable,actor_looking.obj,pass,,50,50,0
0x198d0,FUN_000198d0,stubbable,actor_looking.obj,fail,divergence,0,50,0
0x19940,FUN_00019940,stubbable,actor_looking.obj,pass,,50,50,0
0x19ac0,FUN_00019ac0,stubbable,actor_looking.obj,pass,,50,50,0
0x19af0,FUN_00019af0,stubbable,actor_looking.obj,pass,,50,50,0
0x19b20,FUN_00019b20,stubbable,actor_looking.obj,pass,,50,50,0
0x19c70,FUN_00019c70,stubbable,actor_looking.obj,pass,,50,50,0
0x19d00,actor_look_secondary,stubbable,actor_looking.obj,fail,divergence,0,50,0
0x1a050,FUN_0001a050,stubbable,actor_looking.obj,pass,,50,50,0
0x1a080,FUN_0001a080,stubbable,actor_looking.obj,fail,divergence,0,50,0
0x1a100,FUN_0001a100,stubbable,actor_looking.obj,pass,,50,50,0
0x1a200,FUN_0001a200,stubbable,actor_looking.obj,pass,,50,50,0
0x1a420,FUN_0001a420,stubbable,actor_looking.obj,pass,,50,50,0
0x1a590,FUN_0001a590,stubbable,actor_looking.obj,pass,,50,50,0
0x1a5d0,FUN_0001a5d0,stubbable,actor_looking.obj,pass,,50,50,0
0x1a600,FUN_0001a600,stubbable,actor_looking.obj,pass,,50,50,0
0x1a670,FUN_0001a670,stubbable,actor_looking.obj,pass,,50,50,0
0x1a7e0,FUN_0001a7e0,stubbable,actor_looking.obj,pass,,50,50,0
0x1aae0,FUN_0001aae0,stubbable,actor_looking.obj,pass,,50,50,0
0x1ab70,FUN_0001ab70,stubbable,actor_looking.obj,pass,,50,50,0
0x1abd0,FUN_0001abd0,stubbable,actor_looking.obj,pass,,50,50,0
0x1ac00,FUN_0001ac00,stubbable,actor_looking.obj,fail,divergence,0,50,0
0x24ca0,FUN_00024ca0,stubbable,actor_looking.obj,pass,,50,50,0
0x257a0,FUN_000257a0,stubbable,actor_looking.obj,pass,,50,50,0
0x27090,FUN_00027090,stubbable,actor_looking.obj,pass,,50,50,0
0x272d0,FUN_000272d0,stubbable,actor_looking.obj,pass,,32,50,0
0x27410,FUN_00027410,stubbable,actor_looking.obj,pass,,50,50,0
0x27870,FUN_00027870,stubbable,actor_looking.obj,pass,,50,50,0
0x278e0,FUN_000278e0,stubbable,actor_looking.obj,pass,,50,50,0
0x27a10,FUN_00027a10,stubbable,actor_looking.obj,pass,,50,50,0
0x27a60,FUN_00027a60,stubbable,actor_looking.obj,fail,divergence,22,50,0
0x27dd0,FUN_00027dd0,data_only,actor_looking.obj,fail,divergence,46,50,0
0x27e50,FUN_00027e50,data_only,actor_looking.obj,fail,divergence,21,50,0
0x27f40,FUN_00027f40,stubbable,actor_looking.obj,pass,,50,50,0
0x27ff0,FUN_00027ff0,stubbable,actor_looking.obj,pass,,50,50,0
0x28ed0,FUN_00028ed0,stubbable,actor_looking.obj,pass,,50,50,0
0x29040,actor_look_update,stubbable,actor_looking.obj,pass,,50,50,0
0x2a2b0,FUN_0002a2b0,stubbable,actor_looking.obj,fail,divergence,0,50,0
0x2a330,FUN_0002a330,stubbable,actor_looking.obj,pass,,50,50,0
0x2a3d0,FUN_0002a3d0,stubbable,actor_looking.obj,pass,,50,50,0
0x2a3f0,FUN_0002a3f0,stubbable,actor_looking.obj,pass,,50,50,0
0x2a430,FUN_0002a430,stubbable,actor_looking.obj,pass,,50,50,0
0x3f5f0,FUN_0003f5f0,stubbable,ai.obj,pass,,50,50,0
0x3fdc0,ai_handle_unit_approach,stubbable,ai.obj,pass,,50,50,0
0x40010,game_allegiance_apply_change,data_only,ai.obj,pass,,90,90,0
0x40280,ai_update_team_status,stubbable,ai.obj,pass,,50,50,0
0x40570,FUN_00040570,data_only,ai.obj,pass,,50,50,0
0x409a0,unit_vehicle_board_notify,stubbable,ai.obj,pass,,50,50,0
0x425b0,ai_enemies_attacking_player,leaf,ai.obj,error,emulation_error,0,50,0
0x425c0,FUN_000425c0,stubbable,ai.obj,not_applicable,oracle_truncated,0,0,0
0x41590,ai_test_line_of_fire,stubbable,ai.obj,error,emulation_error,0,50,0
0x413c0,FUN_000413c0,stubbable,ai.obj,pass,,50,50,0
0x41420,FUN_00041420,stubbable,ai.obj,pass,,50,50,0
0x3f770,ai_globals_ai_active,stubbable,ai.obj,pass,,50,50,0
0x3f7b0,ai_globals_dialogue_triggers_enabled,stubbable,ai.obj,pass,,50,50,0
0x3f800,ai_globals_grenades_enabled,stubbable,ai.obj,pass,,50,50,0
0x3f970,ai_erase,stubbable,ai.obj,pass,,50,50,0
0x3fb00,FUN_0003fb00,leaf,ai.obj,pass,,50,50,0
0x3fe30,ai_get_responsible_unit,stubbable,ai.obj,pass,,50,50,0
0x3ff40,ai_handle_killing_spree,stubbable,ai.obj,pass,,50,50,0
0x40360,ai_handle_bump,stubbable,ai.obj,pass,,50,50,0
0x40690,ai_create_mounted_weapons_for_unit,data_only,ai.obj,pass,,50,50,0
0x409e0,ai_handle_exit_vehicle,stubbable,ai.obj,pass,,50,50,0
0x40a40,FUN_00040a40,data_only,ai.obj,pass,,50,50,0
0x40f80,ai_reconnect_to_structure_bsp,stubbable,ai.obj,error,timeout,0,0,0
0x41040,ai_get_race_from_team_index,leaf,ai.obj,fail,divergence,43,50,0
0x1c5900,bink_playback_trace,stubbable,bink_playback.obj,error,emulation_error,0,50,0
0x1c5940,bink_playback_active,data_only,bink_playback.obj,pass,,50,50,0
0x1c5960,bink_playback_suppress_ui,data_only,bink_playback.obj,pass,,50,50,0
0x1c5980,bink_playback_has_video,data_only,bink_playback.obj,pass,,50,50,0
0x1c5990,bink_memory_pool_alloc,data_only,bink_playback.obj,pass,,50,50,0
0x1c5a80,bink_memory_pool_is_empty,data_only,bink_playback.obj,pass,,50,50,0
0x1c5ca0,bink_memory_pool_free,stubbable,bink_playback.obj,not_applicable,lifted_extract_failed,0,0,0
0x1c5d70,bink_playback_render_frame,stubbable,bink_playback.obj,pass,,50,50,0
0x1c6170,FUN_001c6170,stubbable,bink_playback.obj,error,emulation_error,0,50,0
0x1c61a0,bink_playback_initialize,stubbable,bink_playback.obj,pass,,50,50,0
0x1c61d0,bink_playback_release_texture_cache,stubbable,bink_playback.obj,pass,,50,50,0
0x1c6230,bink_playback_decode_frame,stubbable,bink_playback.obj,pass,,50,50,0
0x1c62a0,bink_playback_stop,stubbable,bink_playback.obj,pass,,50,50,0
0x1c6310,bink_playback_dispose,stubbable,bink_playback.obj,pass,,50,50,0
0x1c6340,bink_playback_check_stop,stubbable,bink_playback.obj,pass,,50,50,0
0x1c63e0,bink_playback_render,data_only,bink_playback.obj,pass,,50,50,0
0x1c6440,bink_playback_start,stubbable,bink_playback.obj,pass,,50,50,0
0x1c6870,bink_playback_update,data_only,bink_playback.obj,error,emulation_error,0,50,0
0x1c6880,FUN_001c6880,stubbable,bink_playback.obj,pass,,50,50,0
0x7c6c0,FUN_0007c6c0,data_only,bitmaps.obj,fail,divergence,0,50,0
0x7c8b0,bitmap_changed,data_only,bitmaps.obj,pass,,50,50,0
0x7c940,bitmap_2d_address,data_only,bitmaps.obj,pass,,50,50,0
0x7d000,bitmap_mipmap_address,data_only,bitmaps.obj,pass,,49,50,0
0x7d440,bitmap_validate_depth,leaf,bitmaps.obj,pass,,50,50,0
0x7d470,bitmap_verify,data_only,bitmaps.obj,pass,,50,50,0
0x7d650,bitmap_get_max_mipmap_count,data_only,bitmaps.obj,fail,divergence,0,50,0
0x7d6e0,bitmap_mipmap_width,data_only,bitmaps.obj,fail,divergence,0,50,0
0x7d780,bitmap_mipmap_get_height,data_only,bitmaps.obj,fail,divergence,0,50,0
0x7d820,bitmap_mipmap_get_depth,data_only,bitmaps.obj,fail,divergence,0,50,0
0x7d8b0,bitmap_mipmap_get_pixel_count,data_only,bitmaps.obj,fail,divergence,0,50,0
0x7d960,bitmap_mipmap_get_pixel_data_size,data_only,bitmaps.obj,fail,divergence,0,50,0
0x7d9f0,bitmap_mipmap_get_row_pitch,data_only,bitmaps.obj,fail,divergence,0,50,0
0x1457f0,breakable_surface_get,stubbable,breakable_surfaces.obj,pass,,50,50,0
0x1458a0,breakable_surfaces_initialize,stubbable,breakable_surfaces.obj,pass,,50,50,0
0x1458e0,breakable_surfaces_dispose,leaf,breakable_surfaces.obj,pass,,50,50,0
0x1458f0,breakable_surfaces_initialize_for_new_map,stubbable,breakable_surfaces.obj,pass,,50,50,0
0x145980,breakable_surfaces_dispose_from_old_map,leaf,breakable_surfaces.obj,pass,,50,50,0
0x1459e0,breakable_surfaces_get_bsp_surface_data,stubbable,breakable_surfaces.obj,pass,,50,50,0
0x145ad0,FUN_00145ad0,stubbable,breakable_surfaces.obj,pass,,50,50,0
0x146a90,FUN_00146a90,stubbable,breakable_surfaces.obj,pass,,50,50,0
0x145990,breakable_surfaces_enable,stubbable,breakable_surfaces.obj,pass,,50,50,0
0x1bc280,FUN_001bc280,stubbable,cache_files_windows.obj,pass,,50,50,0
0x1bc6b0,cache_files_precache_in_progress,data_only,cache_files_windows.obj,pass,,50,50,0
0x1bc6c0,cache_files_precache_is_copying_map,stubbable,cache_files_windows.obj,fail,divergence,0,50,0
0x1bc830,FUN_001bc830,stubbable,cache_files_windows.obj,pass,,50,50,0
0x1bc850,FUN_001bc850,stubbable,cache_files_windows.obj,error,emulation_error,0,50,0
0x1bc860,FUN_001bc860,stubbable,cache_files_windows.obj,not_applicable,lifted_extract_failed,0,0,0
0x1bc8f0,FUN_001bc8f0,stubbable,cache_files_windows.obj,not_applicable,lifted_extract_failed,0,0,0
0x1bc9c0,cache_file_close,data_only,cache_files_windows.obj,pass,,50,50,0
0x1bcb80,FUN_001bcb80,stubbable,cache_files_windows.obj,error,emulation_error,0,50,0
0x1bce30,structure_bsp_header_deregister_vertex_buffers,data_only,cache_files_windows.obj,pass,,19,50,0
0x1bcf00,cache_files_precache_map_status,stubbable,cache_files_windows.obj,fail,divergence,0,50,0
0x1bd5f0,FUN_001bd5f0,stubbable,cache_files_windows.obj,error,timeout,0,0,0
0x1bd8e0,cache_files_precache_map_loaded,stubbable,cache_files_windows.obj,error,emulation_error,0,50,0
0x1bda90,FUN_001bda90,stubbable,cache_files_windows.obj,pass,,50,50,0
0x1bdb10,FUN_001bdb10,stubbable,cache_files_windows.obj,pass,,50,50,0
0x1bfee0,cache_files_precache,stubbable,cache_files_windows.obj,pass,,50,50,0
0xa54b0,FUN_000a54b0,stubbable,cheats.obj,pass,,50,50,0
0xa6030,FUN_000a6030,stubbable,cheats.obj,pass,,50,50,0
0xa6600,cheats_dispose,leaf,cheats.obj,pass,,50,50,0
0xa6610,cheats_dispose_from_old_map,leaf,cheats.obj,pass,,50,50,0
0xa6620,cheats_update,stubbable,cheats.obj,pass,,50,50,0
0xa66d0,cheats_load_from_file,stubbable,cheats.obj,pass,,50,50,0
0xa6760,cheat_active_camouflage_local_player,stubbable,cheats.obj,pass,,50,50,0
0xa67c0,FUN_000a67c0,stubbable,cheats.obj,pass,,90,90,0
0xa68e0,cheat_all_powerups,stubbable,cheats.obj,pass,,50,50,0
0x92d80,cinematic_initialize,stubbable,cinematics.obj,pass,,50,50,0
0x92dc0,cinematic_dispose,leaf,cinematics.obj,pass,,50,50,0
0x92dd0,cinematic_initialize_for_new_map,data_only,cinematics.obj,pass,,50,50,0
0x92e00,cinematic_dispose_from_old_map,data_only,cinematics.obj,pass,,50,50,0
0x92e20,cinematic_start,stubbable,cinematics.obj,pass,,50,50,0
0x92e60,cinematic_can_be_skipped,data_only,cinematics.obj,pass,,50,50,0
0x92e70,cinematic_skip_start,data_only,cinematics.obj,pass,,50,50,0
0x92e80,cinematic_skip_stop,data_only,cinematics.obj,pass,,50,50,0
0x92e90,cinematic_show_letterbox,stubbable,cinematics.obj,pass,,50,50,0
0x92ec0,draw_quad,stubbable,cinematics.obj,pass,,50,50,0
0x93010,cinematic_force_title,data_only,cinematics.obj,pass,,50,50,0
0x93030,cinematic_suppress_bsp_object_creation,data_only,cinematics.obj,pass,,50,50,0
0x93050,cinematic_stop,stubbable,cinematics.obj,pass,,50,50,0
0x930a0,cinematic_in_progress,data_only,cinematics.obj,pass,,50,50,0
0x930b0,cinematic_set_title_delayed,data_only,cinematics.obj,pass,,50,50,0
0x93140,cinematic_render,data_only,cinematics.obj,pass,,50,50,0
0x93640,FUN_00093640,leaf,cinematics.obj,pass,,50,50,0
0x93660,FUN_00093660,leaf,cinematics.obj,pass,,50,50,0
0x936b0,FUN_000936b0,leaf,cinematics.obj,pass,,50,50,0
0x93710,FUN_00093710,leaf,cinematics.obj,pass,,50,50,0
0x93780,FUN_00093780,leaf,cinematics.obj,error,mem-limit,0,0,0
0x93810,FUN_00093810,leaf,cinematics.obj,error,mem-limit,0,0,0
0x93880,FUN_00093880,data_only,cinematics.obj,pass,,50,50,0
0x93910,FUN_00093910,data_only,cinematics.obj,pass,,50,50,0
0x939a0,FUN_000939a0,data_only,cinematics.obj,pass,,65,65,0
0x93a30,FUN_00093a30,data_only,cinematics.obj,pass,,50,50,0
0x93ac0,FUN_00093ac0,data_only,cinematics.obj,pass,,90,90,0
0x93c20,FUN_00093c20,data_only,cinematics.obj,fail,divergence,49,50,0
0x93e20,FUN_00093e20,data_only,cinematics.obj,pass,,90,90,0
0x14c6d0,FUN_0014c6d0,stubbable,collision_usage.obj,pass,,90,90,0
0x14c7b0,FUN_0014c7b0,stubbable,collision_usage.obj,pass,,50,50,0
0x14c8e0,FUN_0014c8e0,stubbable,collision_usage.obj,pass,,50,50,0
0x14cb00,FUN_0014cb00,stubbable,collision_usage.obj,error,emulation_error,0,50,0
0x14cfe0,FUN_0014cfe0,leaf,collision_usage.obj,pass,,50,50,0
0x14d010,collision_log_initialize,stubbable,collision_usage.obj,pass,,50,50,0
0x14d070,collision_log_enable,data_only,collision_usage.obj,pass,,50,50,0
0x14d080,collision_log_period_helper,stubbable,collision_usage.obj,pass,,50,50,0
0x14d140,collision_log_end_period,data_only,collision_usage.obj,pass,,50,50,0
0x14d1b0,collision_log_format_stat,stubbable,collision_usage.obj,pass,,50,50,0
0x14d210,collision_log_render,stubbable,collision_usage.obj,pass,,50,50,0
0x14d840,FUN_0014d840,stubbable,collision_usage.obj,pass,,50,50,0
0x14d940,collision_log_query_counter,stubbable,collision_usage.obj,pass,,50,50,0
0x14d950,collision_log_add_time,stubbable,collision_usage.obj,error,emulation_error,0,50,0
0x14d9d0,collision_log_add_call,data_only,collision_usage.obj,error,emulation_error,0,50,0
0x14da20,FUN_0014da20,stubbable,collision_usage.obj,pass,,50,50,0
0x14da80,FUN_0014da80,stubbable,collision_usage.obj,pass,,50,50,0
0x14ec30,FUN_0014ec30,stubbable,collision_usage.obj,pass,,50,50,0
0x14eeb0,collision_log_end_time,leaf,collision_usage.obj,pass,,50,50,0
0x14ef30,collision_log_usage,leaf,collision_usage.obj,pass,,50,50,0
0x14ef80,FUN_0014ef80,data_only,collision_usage.obj,pass,,50,50,0
0x14f020,FUN_0014f020,stubbable,collision_usage.obj,pass,,50,50,0
0xff4a0,console_flush,stubbable,console.obj,pass,,50,50,0
0xff4c0,console_is_active,data_only,console.obj,pass,,50,50,0
0xff4d0,console_printf,stubbable,console.obj,pass,,50,50,0
0xff5d0,console_submit_command,data_only,console.obj,pass,,50,65,0
0xff680,console_process_enter,stubbable,console.obj,pass,,50,50,0
0xff9e0,console_update,data_only,console.obj,pass,,50,50,0
0xff640,console_get_text_to_autocomplete,stubbable,console.obj,pass,,50,50,0
0x97890,contrails_initialize_for_new_map,stubbable,contrails.obj,pass,,50,50,0
0x978b0,contrails_dispose_from_old_map,stubbable,contrails.obj,pass,,50,50,0
0x978d0,contrails_dispose,data_only,contrails.obj,pass,,50,50,0
0x97c80,local_random_range,stubbable,contrails.obj,pass,,50,50,0
0x97d40,contrails_initialize,stubbable,contrails.obj,pass,,50,50,0
0x986d0,contrail_set_state_for_object,stubbable,contrails.obj,pass,,50,50,0
0x98750,contrails_update,stubbable,contrails.obj,pass,,50,50,0
0x9f6e0,FUN_0009f6e0,stubbable,contrails.obj,pass,,50,50,0
0x97a50,FUN_00097a50,stubbable,contrails.obj,pass,,50,50,0
0x97e40,FUN_00097e40,stubbable,contrails.obj,pass,,50,50,0
0x978f0,contrail_delete,stubbable,contrails.obj,error,timeout,0,0,0
0x97980,contrails_reconnect_to_structure_bsp,stubbable,contrails.obj,pass,,50,50,0
0x97ae0,FUN_00097ae0,stubbable,contrails.obj,pass,,50,50,0
0x97ca0,local_random_vector_in_cone3d,stubbable,contrails.obj,pass,,50,50,0
0x97db0,FUN_00097db0,stubbable,contrails.obj,pass,,50,50,0
0x98200,FUN_00098200,stubbable,contrails.obj,error,timeout,0,0,0
0x98580,contrail_new,data_only,contrails.obj,pass,,50,50,0
0x8eb80,debug_dump_memory_for_file,data_only,debug_memory.obj,pass,,50,50,0
0x8ec60,debug_dump_memory_by_file,stubbable,debug_memory.obj,pass,,50,50,0
0x8df10,csstrtok,data_only,cseries.obj,pass,,50,50,0
0x8df60,csstrlen,data_only,cseries.obj,pass,,50,50,0
0x8d830,cseries_initialize,data_only,cseries.obj,pass,,50,50,0
0x8d860,string_to_tag,leaf,cseries.obj,pass,,50,50,0
0x8d890,tag_to_string,leaf,cseries.obj,pass,,50,50,0
0x8d8d0,strnlen,leaf,cseries.obj,pass,,50,50,0
0x8e2b0,system_string_hash,stubbable,cseries_windows.obj,pass,,50,50,0
0x8e2e0,display_debug_string,stubbable,cseries_windows.obj,error,emulation_error,0,50,0
0x8e380,system_seconds,stubbable,cseries_windows.obj,pass,,50,50,0
0x8e390,system_get_user_name,data_only,cseries_windows.obj,pass,,29,50,0
0x8e3b0,system_calloc,stubbable,cseries_windows.obj,not_applicable,oracle_extract_failed,0,0,0
0x8e3d0,system_malloc,stubbable,cseries_windows.obj,error,emulation_error,0,50,0
0x8e3e0,system_free,stubbable,cseries_windows.obj,error,emulation_error,0,50,0
0x8e3f0,system_realloc,stubbable,cseries_windows.obj,error,timeout,0,0,0
0x8e470,system_get_used_memory_size,stubbable,cseries_windows.obj,error,emulation_error,0,50,0
0x8e480,FUN_0008e480,stubbable,cseries_windows.obj,error,emulation_error,0,50,0
0x8e500,system_exception_name,data_only,cseries_windows.obj,pass,,45,50,0
0x1190c0,crc_table_init,leaf,crc.obj,pass,,50,50,0
0x119100,crc_checksum_buffer,stubbable,crc.obj,pass,,40,50,0
0x1190b0,crc_new,leaf,crc.obj,pass,,50,50,1
0x11e430,FUN_0011e430,stubbable,memory_pool.obj,pass,,90,90,0
0x11e330,memory_pool_allocation_size,leaf,memory_pool.obj,pass,,50,50,1
0x11e340,memory_pool_initialize,stubbable,memory_pool.obj,pass,,50,50,0
0x11e390,memory_pool_get_free_size,leaf,memory_pool.obj,pass,,50,50,1
0x11e3a0,memory_pool_get_used_size,leaf,memory_pool.obj,pass,,49,50,0
0x11e3c0,memory_pool_get_contiguous_free_size,leaf,memory_pool.obj,pass,,49,50,0
0x11e400,FUN_0011e400,leaf,memory_pool.obj,pass,,49,50,0
0x11e690,memory_pool_delete,stubbable,memory_pool.obj,error,emulation_error,0,50,0
0x11ea50,FUN_0011ea50,stubbable,stack_memory_pool.obj,pass,,50,50,0
0x11ea90,FUN_0011ea90,stubbable,stack_memory_pool.obj,pass,,50,50,0
0x11ebc0,FUN_0011ebc0,stubbable,stack_memory_pool.obj,fail,divergence,19,50,0
0x11ec10,FUN_0011ec10,stubbable,stack_memory_pool.obj,pass,,50,50,0
0x11ecf0,memory_block_valid,stubbable,stack_memory_pool.obj,pass,,80,80,0
0x11efd0,stack_memory_pool_unlink_block,stubbable,stack_memory_pool.obj,fail,divergence,0,50,0
0x11f070,stack_memory_pool_mark_used,stubbable,stack_memory_pool.obj,fail,divergence,0,50,0
0x11f620,stack_memory_pool_deallocate,stubbable,stack_memory_pool.obj,fail,divergence,0,50,0
0x11fa40,stack_memory_pool_allocate,stubbable,stack_memory_pool.obj,fail,divergence,19,50,0
0x119180,data_allocation_size,leaf,data.obj,pass,,50,50,1
0x1191a0,data_initialize,stubbable,data.obj,pass,,50,50,0
0x119270,datum_absolute_index_to_index,stubbable,data.obj,pass,,50,50,0
0x1193f0,data_verify,stubbable,data.obj,pass,,50,50,0
0x119520,data_dispose,stubbable,data.obj,error,emulation_error,0,50,0
0x119550,data_make_invalid,leaf,data.obj,error,emulation_error,0,50,1
0x119570,data_new_datum,stubbable,data.obj,error,emulation_error,0,50,0
0x119610,data_new_at_index,stubbable,data.obj,error,emulation_error,0,50,0
0x1196d0,datum_delete,leaf,data.obj,error,emulation_error,0,50,0
0x1197b0,data_iterator_new,stubbable,data.obj,error,emulation_error,0,50,0
0x1198f0,data_next_index,stubbable,data.obj,error,emulation_error,0,50,0
0x1194a0,datum_initialize,stubbable,data.obj,pass,,26,50,0
0x119980,data_prev_index,stubbable,data.obj,error,emulation_error,0,50,0
0x119a10,data_compact,stubbable,data.obj,pass,,50,50,0
0x119b40,FUN_00119b40,stubbable,data.obj,pass,,50,50,0
0x119bb0,FUN_00119bb0,leaf,data.obj,pass,,50,50,0
0x119c50,FUN_00119c50,stubbable,data.obj,pass,,50,50,0
0x119df0,FUN_00119df0,stubbable,data.obj,pass,,49,50,0
0xffc80,debug_keys_dispose,stubbable,debug_keys.obj,pass,,50,50,0
0xffcb0,debug_keys_update,stubbable,debug_keys.obj,pass,,50,50,0
0xffdd0,debug_key_erase_all_actors,data_only,debug_keys.obj,pass,,50,50,0
0xffdf0,FUN_000ffdf0,stubbable,debug_keys.obj,pass,,50,50,0
0x98970,FUN_00098970,stubbable,decals.obj,pass,,50,50,0
0x98b20,FUN_00098b20,data_only,decals.obj,pass,,50,50,0
0x98ca0,decals_initialize,stubbable,decals.obj,pass,,50,50,0
0x98d40,decals_initialize_for_new_map,data_only,decals.obj,pass,,50,50,0
0x98df0,decals_dispose_from_old_map,data_only,decals.obj,pass,,50,50,0
0x98e60,decals_dispose,stubbable,decals.obj,pass,,50,50,0
0x98e70,decals_update_for_new_map,data_only,decals.obj,pass,,55,55,0
0x992d0,project_point2d,data_only,decals.obj,fail,divergence,46,50,0
0x993b0,triple_product3d,leaf,decals.obj,pass,,50,50,0
0x99490,FUN_00099490,leaf,decals.obj,pass,,50,50,0
0x99500,plane3d_distance_to_point,leaf,decals.obj,pass,,50,50,0
0x99530,real_a_rgb_color_to_pixel32,data_only,decals.obj,fail,divergence,39,50,0
0x99640,bsp3d_get_plane_from_designator,stubbable,decals.obj,pass,,50,50,0
0x996b0,decal_update,stubbable,decals.obj,pass,,50,50,0
0x998b0,FUN_000998b0,stubbable,decals.obj,pass,,90,90,0
0x99b70,decals_reconnect_to_structure_bsp,data_only,decals.obj,pass,,55,55,0
0x99d60,decals_disconnect_from_structure_bsp,data_only,decals.obj,pass,,55,55,0
0x99f80,decals_update,stubbable,decals.obj,pass,,50,50,0
0x9a160,decal_delete,stubbable,decals.obj,pass,,50,50,0
0x9a300,FUN_0009a300,data_only,decals.obj,pass,,50,50,0
0x9ac90,decal_new_from_collision,stubbable,decals.obj,pass,,50,50,0
0x9c4b0,FUN_0009c4b0,stubbable,decals.obj,pass,,50,50,0
0x861a0,director_initialize,stubbable,director.obj,pass,,50,50,0
0x861c0,director_dispose,leaf,director.obj,pass,,50,50,0
0x86890,director_dispose_from_old_map,data_only,director.obj,pass,,50,50,0
0x874d0,FUN_000874d0,data_only,director.obj,pass,,50,50,0
0x87520,director_initialize_for_new_map,data_only,director.obj,error,emulation_error,0,50,0
0x875f0,director_update,data_only,director.obj,pass,,50,50,0
0x977f0,game_in_editor,leaf,editor_stubs.obj,pass,,50,50,0
0x97810,editor_should_exit,leaf,editor_stubs.obj,pass,,50,50,0
0x97820,editor_initialize,leaf,editor_stubs.obj,pass,,50,50,0
0x97830,editor_dispose,leaf,editor_stubs.obj,pass,,50,50,0
0x97840,editor_update,leaf,editor_stubs.obj,pass,,50,50,0
0x97850,editor_initialize_for_new_map,leaf,editor_stubs.obj,pass,,50,50,0
0x97860,editor_dispose_from_old_map,leaf,editor_stubs.obj,pass,,50,50,0
0x977e0,FUN_000977e0,leaf,editor_stubs.obj,pass,,50,50,0
0x97800,FUN_00097800,leaf,editor_stubs.obj,pass,,50,50,0
0x97870,FUN_00097870,leaf,editor_stubs.obj,pass,,50,50,0
0x9c650,effects_initialize,stubbable,effects.obj,pass,,50,50,0
0x9c6a0,effects_initialize_for_new_map,stubbable,effects.obj,pass,,50,50,0
0x9c6c0,effects_dispose_from_old_map,stubbable,effects.obj,pass,,50,50,0
0x9c6e0,effects_dispose,data_only,effects.obj,pass,,50,50,0
0x9c700,FUN_0009c700,stubbable,effects.obj,pass,,50,50,0
0x9c750,effect_delete,stubbable,effects.obj,pass,,65,65,0
0x9c810,effects_stop_on_first_person_weapon,stubbable,effects.obj,pass,,80,80,0
0x9ca70,effects_information_get,stubbable,effects.obj,fail,divergence,0,50,0
0x9cb90,FUN_0009cb90,stubbable,effects.obj,pass,,65,65,0
0x9cc20,FUN_0009cc20,stubbable,effects.obj,pass,,50,50,0
0x9cca0,FUN_0009cca0,data_only,effects.obj,pass,,62,70,0
0x9cdd0,FUN_0009cdd0,data_only,effects.obj,pass,,40,50,0
0x9d000,dangerous_effects_near_player,stubbable,effects.obj,pass,,90,90,0
0x9d2d0,FUN_0009d2d0,stubbable,effects.obj,pass,,50,50,0
0x9d430,FUN_0009d430,data_only,effects.obj,pass,,50,50,0
0x9d4e0,FUN_0009d4e0,stubbable,effects.obj,pass,,90,90,0
0x9d590,FUN_0009d590,stubbable,effects.obj,pass,,50,50,0
0x9e0d0,effects_start_on_first_person_weapon,stubbable,effects.obj,pass,,80,80,0
0x9e310,FUN_0009e310,stubbable,effects.obj,pass,,50,50,0
0x9e560,FUN_0009e560,data_only,effects.obj,fail,divergence,0,50,0
0x9e610,effect_update,stubbable,effects.obj,pass,,90,90,0
0x9ee40,effect_new_attached_from_markers,data_only,effects.obj,pass,,50,50,0
0x9f0e0,effect_new_unattached_from_markers,data_only,effects.obj,pass,,50,50,0
0x9f320,effects_update,data_only,effects.obj,pass,,90,90,0
0x9c910,FUN_0009c910,stubbable,effects.obj,pass,,90,90,0
0x9c9a0,FUN_0009c9a0,leaf,effects.obj,pass,,50,50,0
0x9ce80,real_local_random,stubbable,effects.obj,pass,,50,50,0
0x9ce90,local_random_direction3d,stubbable,effects.obj,pass,,50,50,0
0x9ceb0,effect_stop,stubbable,effects.obj,pass,,65,65,0
0x9cf40,effects_reconnect_to_structure_bsp,stubbable,effects.obj,pass,,80,80,0
0x9f3b0,FUN_0009f3b0,stubbable,effects.obj,pass,,50,50,0
0x9f430,FUN_0009f430,stubbable,effects.obj,pass,,50,50,0
0x8e770,memory_check,stubbable,errors.obj,pass,,50,50,0
0x8e7c0,FUN_0008e7c0,stubbable,errors.obj,pass,,50,50,0
0x8f040,debug_realloc,data_only,errors.obj,pass,,90,90,0
0x8f230,debug_string_to_display,stubbable,errors.obj,pass,,50,50,0
0x8f600,error_occurred,data_only,errors.obj,pass,,50,50,0
0x8e5f0,FUN_0008e5f0,data_only,errors.obj,pass,,26,50,0
0x8e650,FUN_0008e650,data_only,errors.obj,pass,,50,50,0
0x8e680,FUN_0008e680,data_only,errors.obj,pass,,50,50,0
0x8e6d0,FUN_0008e6d0,data_only,errors.obj,pass,,50,50,0
0x8e720,FUN_0008e720,stubbable,errors.obj,pass,,50,50,0
0x8e750,FUN_0008e750,leaf,errors.obj,pass,,50,50,1
0x8e7d0,FUN_0008e7d0,data_only,errors.obj,pass,,50,50,0
0x8e8e0,FUN_0008e8e0,data_only,errors.obj,pass,,38,50,0
0x8e950,FUN_0008e950,data_only,errors.obj,pass,,50,50,0
0x8e9f0,FUN_0008e9f0,stubbable,errors.obj,pass,,49,50,0
0x8ead0,debug_malloc_check_all,data_only,errors.obj,pass,,50,50,0
0x8f200,errors_output_to_debug_file,data_only,errors.obj,pass,,50,50,0
0x8f210,errors_overflow_suppression_enable,data_only,errors.obj,pass,,50,50,0
0x8f220,error_get,data_only,errors.obj,pass,,50,50,0
0x8f370,errors_initialize,data_only,errors.obj,pass,,50,50,0
0x8f630,FUN_0008f630,data_only,errors.obj,pass,,50,50,0
0x8f6b0,FUN_0008f6b0,data_only,errors.obj,pass,,50,50,0
0x8f810,FUN_0008f810,data_only,errors.obj,pass,,50,50,0
0xdb0f0,motion_sensor_initialize,stubbable,event_manager.obj,pass,,50,50,0
0xdb140,FUN_000db140,leaf,event_manager.obj,pass,,50,50,0
0xdb150,FUN_000db150,stubbable,event_manager.obj,pass,,50,50,0
0xdb1b0,FUN_000db1b0,leaf,event_manager.obj,pass,,50,50,0
0xdc070,event_manager_tab_check,stubbable,event_manager.obj,pass,,50,50,0
0xdc110,FUN_000dc110,stubbable,event_manager.obj,pass,,50,50,0
0xdc130,event_manager_mark_time,stubbable,event_manager.obj,pass,,50,50,0
0xdc140,event_manager_tab_process,data_only,event_manager.obj,pass,,50,50,0
0xdc220,event_manager_flush,stubbable,event_manager.obj,pass,,50,50,0
0xdc240,event_manager_suppress,data_only,event_manager.obj,pass,,50,50,0
0xdc310,event_manager_get_last_event_time,data_only,event_manager.obj,pass,,50,50,0
0xdc320,event_manager_dispatch,stubbable,event_manager.obj,pass,,5,50,0
0xdc620,event_manager_update,data_only,event_manager.obj,pass,,50,50,0
0xdc730,FUN_000dc730,stubbable,event_manager.obj,pass,,26,50,0
0xdc800,FUN_000dc800,leaf,event_manager.obj,pass,,50,50,0
0x1997f0,file_reference_get_location,stubbable,files.obj,pass,,50,50,0
0x1999a0,file_references_equal,stubbable,files.obj,pass,,50,50,0
0x19a110,path_add_directory,stubbable,files_windows.obj,pass,,50,50,0
0x19a1a0,path_add_extension,stubbable,files_windows.obj,pass,,50,50,0
0x19a230,path_remove_filename,stubbable,files_windows.obj,pass,,13,50,0
0x19a290,path_split,stubbable,files_windows.obj,pass,,18,50,0
0x19a450,file_error,stubbable,files_windows.obj,pass,,50,50,0
0x19a490,FUN_0019a490,stubbable,files_windows.obj,pass,,50,50,0
0x19a560,file_delete,stubbable,files_windows.obj,pass,,50,50,0
0x19a6d0,file_rename,stubbable,files_windows.obj,pass,,50,50,0
0x19a7a0,file_open,stubbable,files_windows.obj,not_applicable,lifted_extract_failed,0,0,0
0x19a930,file_close,stubbable,files_windows.obj,not_applicable,lifted_extract_failed,0,0,0
0x19a9a0,file_get_position,stubbable,files_windows.obj,pass,,50,50,0
0x19aa00,file_set_position,stubbable,files_windows.obj,pass,,50,50,0
0x19aa70,file_get_eof,stubbable,files_windows.obj,pass,,50,50,0
0x19ab50,file_read,stubbable,files_windows.obj,not_applicable,lifted_extract_failed,0,0,0
0x19acb0,file_read_from_position,leaf,files_windows.obj,not_applicable,lifted_extract_failed,0,0,0
0x19aed0,find_files_next,data_only,files_windows.obj,fail,divergence,0,50,0
0xdc750,FUN_000dc750,stubbable,first_person_weapons.obj,pass,,50,50,0
0xdc8c0,FUN_000dc8c0,leaf,first_person_weapons.obj,pass,,50,50,0
0xdc9d0,FUN_000dc9d0,stubbable,first_person_weapons.obj,pass,,50,50,0
0xdcc80,FUN_000dcc80,stubbable,first_person_weapons.obj,pass,,50,50,0
0xde3b0,first_person_weapon_message_from_weapon,leaf,first_person_weapons.obj,error,emulation_error,0,50,0
0xdcbd0,fp_anim_apply_node_remap,stubbable,first_person_weapons.obj,pass,,50,50,0
0xa6a80,FUN_000a6a80,stubbable,game.obj,pass,,50,50,0
0xa6b50,FUN_000a6b50,stubbable,game.obj,pass,,50,50,0
0xa6ba0,FUN_000a6ba0,stubbable,game.obj,pass,,50,50,0
0xa6bf0,game_initialize,stubbable,game.obj,error,emulation_error,0,50,0
0xa6d00,game_dispose,stubbable,game.obj,pass,,50,50,0
0xa6dc0,game_precache_new_map,stubbable,game.obj,pass,,50,50,0
0xa6fb0,game_map_loading_in_progress,data_only,game.obj,pass,,50,50,0
0xa6fd0,game_unload,stubbable,game.obj,pass,,50,50,0
0xa7050,game_dispose_from_old_map,stubbable,game.obj,pass,,50,50,0
0xa7110,game_frame,data_only,game.obj,pass,,50,50,0
0xa71b0,remove_quitting_players_from_game,stubbable,game.obj,pass,,90,90,0
0xa7260,game_tick,stubbable,game.obj,pass,,50,50,0
0xa73a0,game_options_verify,leaf,game.obj,pass,,50,50,0
0xa73c0,game_initial_pulse,stubbable,game.obj,pass,,50,50,0
0xa7410,game_set_players_are_double_speed,data_only,game.obj,pass,,50,50,0
0xa7430,game_players_are_double_speed,data_only,game.obj,pass,,50,50,0
0xa7440,game_difficulty_level_set,data_only,game.obj,pass,,50,50,0
0xa7460,game_difficulty_level_get,data_only,game.obj,pass,,50,50,0
0xa7490,game_set_game_variant,data_only,game.obj,pass,,50,50,0
0xa74f0,game_all_quiet,stubbable,game.obj,pass,,50,50,0
0xa7530,game_safe_to_save,stubbable,game.obj,pass,,50,50,0
0xa7670,game_safe_to_speak,stubbable,game.obj,pass,,50,50,0
0xa7690,game_is_cooperative,data_only,game.obj,pass,,50,50,0
0xa76a0,set_random_seed,stubbable,game.obj,pass,,50,50,0
0xa76b0,game_load,data_only,game.obj,pass,,50,50,0
0xa7780,game_initialize_for_new_map,data_only,game.obj,pass,,50,50,0
0xb4170,FUN_000b4170,stubbable,game.obj,pass,,50,50,0
0xb4250,FUN_000b4250,stubbable,game.obj,pass,,50,50,0
0xb4290,FUN_000b4290,stubbable,game.obj,pass,,50,50,0
0xb42d0,FUN_000b42d0,stubbable,game.obj,pass,,50,50,0
0xb4d50,FUN_000b4d50,stubbable,game.obj,pass,,50,50,0
0xb4d90,FUN_000b4d90,leaf,game.obj,pass,,50,50,0
0xa7940,game_allegiance_initialize,stubbable,game_allegiance.obj,pass,,50,50,0
0xa7970,game_allegiance_dispose,leaf,game_allegiance.obj,pass,,50,50,0
0xa7980,game_allegiance_initialize_for_new_map,data_only,game_allegiance.obj,pass,,50,50,0
0xa7a20,game_allegiance_dispose_from_old_map,leaf,game_allegiance.obj,pass,,50,50,0
0xa7a30,game_allegiance_get_team_is_friendly,data_only,game_allegiance.obj,pass,,50,50,0
0xa7a90,game_team_is_ally,data_only,game_allegiance.obj,pass,,50,50,0
0xa7e30,game_allegiance_update,data_only,game_allegiance.obj,pass,,50,50,0
0xa7eb0,game_allegiance_create,data_only,game_allegiance.obj,pass,,50,50,0
0xa7f90,game_allegiance_remove,data_only,game_allegiance.obj,pass,,50,50,0
0xa8040,game_allegiance_bump,data_only,game_allegiance.obj,pass,,50,50,0
0xa7ae0,game_team_ally_status_changed,data_only,game_allegiance.obj,pass,,50,50,0
0xa7b40,game_allegiance_get_incidents,data_only,game_allegiance.obj,pass,,50,50,0
0xa7bc0,game_allegiance_provoke,data_only,game_allegiance.obj,pass,,50,50,0
0xa7c30,game_allegiance_notify_change,data_only,game_allegiance.obj,pass,,50,50,0
0xa8110,FUN_000a8110,stubbable,game_allegiance.obj,pass,,50,50,0
0xa8130,FUN_000a8130,stubbable,game_allegiance.obj,pass,,90,90,0
0xa81c0,game_engine_dispose,data_only,game_engine.obj,error,emulation_error,0,50,0
0xa83e0,game_engine_statistics_append,data_only,game_engine.obj,error,emulation_error,0,50,0
0xa8400,game_engine_handle_client_message,data_only,game_engine.obj,error,emulation_error,0,50,0
0xa8420,game_engine_handle_server_message,data_only,game_engine.obj,error,emulation_error,0,50,0
0xa8440,sort_statistic_buffer,leaf,game_engine.obj,pass,,50,50,0
0xa8470,FUN_000a8470,leaf,game_engine.obj,pass,,50,50,1
0xa84f0,FUN_000a84f0,stubbable,game_engine.obj,pass,,50,50,0
0xa8580,FUN_000a8580,leaf,game_engine.obj,pass,,50,50,1
0xa85d0,FUN_000a85d0,stubbable,game_engine.obj,pass,,50,50,0
0xa8630,get_postgame_hilite_colors,data_only,game_engine.obj,error,emulation_error,0,50,0
0xa8680,game_engine_remove_dropped_weapons,stubbable,game_engine.obj,pass,,50,50,0
0xa8820,game_engine_spawn_equipment,data_only,game_engine.obj,pass,,50,50,0
0xa8a20,game_engine_load_stage,data_only,game_engine.obj,pass,,50,50,0
0xa8a70,game_engine_playlist_begin,stubbable,game_engine.obj,pass,,50,50,0
0xa8b00,game_engine_start_over,stubbable,game_engine.obj,pass,,50,50,0
0xa8b30,game_engine_allow_weapon_pick_up,data_only,game_engine.obj,error,emulation_error,0,50,0
0xa8ba0,game_engine_is_player_leading,stubbable,game_engine.obj,pass,,50,50,0
0xa8e30,game_engine_running,data_only,game_engine.obj,pass,,50,50,0
0xa8e40,game_engine_can_score,data_only,game_engine.obj,pass,,50,50,0
0xa8e60,game_engine_force_single_screen,data_only,game_engine.obj,pass,,50,50,0
0xa8e80,FUN_000a8e80,data_only,game_engine.obj,pass,,50,50,0
0xa8ec0,FUN_000a8ec0,stubbable,game_engine.obj,pass,,50,50,0
0xa8fb0,game_engine_rasterize_message,stubbable,game_engine.obj,pass,,50,50,0
0xa90b0,game_engine_unit_can_enter_seat,stubbable,game_engine.obj,pass,,50,50,0
0xa9190,FUN_000a9190,data_only,game_engine.obj,pass,,89,90,0
0xa9210,game_engine_player_get_custom_motion_sensor_positions,stubbable,game_engine.obj,pass,,50,50,0
0xa9310,game_engine_switch_to_postgame,stubbable,game_engine.obj,pass,,50,50,0
0xa9350,game_engine_get_variant,data_only,game_engine.obj,pass,,50,50,0
0xa9480,game_engine_render_nav_points,stubbable,game_engine.obj,pass,,50,50,0
0xa9550,FUN_000a9550,data_only,game_engine.obj,pass,,50,50,0
0xa9570,FUN_000a9570,data_only,game_engine.obj,pass,,50,50,0
0xa95a0,FUN_000a95a0,data_only,game_engine.obj,pass,,50,50,0
0xa95c0,FUN_000a95c0,data_only,game_engine.obj,pass,,50,50,0
0xa95f0,game_engine_has_shield,data_only,game_engine.obj,pass,,50,50,0
0xa9620,weapon_definition_index_to_list_index,stubbable,game_engine.obj,pass,,50,50,0
0xa9680,list_index_to_weapon_definition_index,stubbable,game_engine.obj,pass,,50,50,0
0xa96b0,game_engine_remap_vehicle,stubbable,game_engine.obj,pass,,50,50,0
0xa9970,game_engine_state_message,stubbable,game_engine.obj,pass,,50,50,0
0xa99a0,game_engine_player_get_change_color,stubbable,game_engine.obj,pass,,50,50,0
0xa9aa0,game_engine_player_depower_active_camo,stubbable,game_engine.obj,pass,,50,50,0
0xa9e20,game_engine_get_place,stubbable,game_engine.obj,error,emulation_error,0,50,0
0xa9f90,FUN_000a9f90,data_only,game_engine.obj,pass,,50,50,0
0xa9fd0,FUN_000a9fd0,data_only,game_engine.obj,error,emulation_error,0,50,0
0xa9ff0,FUN_000a9ff0,data_only,game_engine.obj,error,emulation_error,0,50,0
0xaa010,FUN_000aa010,stubbable,game_engine.obj,pass,,50,50,0
0xaa0b0,FUN_000aa0b0,stubbable,game_engine.obj,pass,,50,50,0
0xaa190,game_engine_slayer_default,leaf,game_engine.obj,pass,,50,50,0
0xaa220,FUN_000aa220,leaf,game_engine.obj,pass,,50,50,0
0xaa2b0,game_engine_elimination_default,leaf,game_engine.obj,pass,,50,50,0
0xaa340,FUN_000aa340,leaf,game_engine.obj,pass,,50,50,0
0xaa3d0,FUN_000aa3d0,leaf,game_engine.obj,pass,,50,50,0
0xaa460,FUN_000aa460,leaf,game_engine.obj,pass,,50,50,0
0xaa4f0,FUN_000aa4f0,leaf,game_engine.obj,pass,,50,50,0
0xaa580,game_engine_team_slayer_default,leaf,game_engine.obj,pass,,50,50,0
0xaa610,game_engine_oddball_default,leaf,game_engine.obj,pass,,50,50,0
0xaa6a0,game_engine_team_oddball_default,leaf,game_engine.obj,pass,,50,50,0
0xaa730,FUN_000aa730,leaf,game_engine.obj,pass,,50,50,0
0xaa7c0,game_engine_accumulation_default,leaf,game_engine.obj,pass,,50,50,0
0xaa860,FUN_000aa860,leaf,game_engine.obj,pass,,50,50,0
0xaa900,game_engine_stalker_default,leaf,game_engine.obj,pass,,50,50,0
0xaa9a0,game_engine_king_default,leaf,game_engine.obj,pass,,50,50,0
0xaaa20,FUN_000aaa20,leaf,game_engine.obj,pass,,50,50,0
0xaaab0,FUN_000aaab0,leaf,game_engine.obj,pass,,50,50,0
0xaab30,game_engine_team_king_default,leaf,game_engine.obj,pass,,50,50,0
0xaabc0,game_engine_ctf_default,leaf,game_engine.obj,pass,,50,50,0
0xaac50,FUN_000aac50,leaf,game_engine.obj,pass,,50,50,0
0xaace0,FUN_000aace0,leaf,game_engine.obj,pass,,50,50,0
0xaad70,game_engine_ironctf_default,leaf,game_engine.obj,pass,,50,50,0
0xaae00,game_engine_race_default,leaf,game_engine.obj,pass,,50,50,0
0xaae90,game_engine_rally_default,leaf,game_engine.obj,pass,,50,50,0
0xaaf20,game_engine_team_race_default,leaf,game_engine.obj,pass,,50,50,0
0xaafb0,FUN_000aafb0,leaf,game_engine.obj,pass,,50,50,0
0xab040,FUN_000ab040,data_only,game_engine.obj,pass,,50,50,0
0xab070,FUN_000ab070,data_only,game_engine.obj,pass,,45,50,0
0xab090,FUN_000ab090,stubbable,game_engine.obj,pass,,50,50,0
0xab230,FUN_000ab230,stubbable,game_engine.obj,pass,,50,50,0
0xab450,ticks_to_unicode_time_string,stubbable,game_engine.obj,pass,,50,50,0
0xab510,FUN_000ab510,stubbable,game_engine.obj,pass,,50,50,0
0xab720,game_engine_allow_pause,data_only,game_engine.obj,pass,,50,50,0
0xab9a0,FUN_000ab9a0,data_only,game_engine.obj,pass,,50,50,0
0xab9c0,FUN_000ab9c0,data_only,game_engine.obj,pass,,50,50,0
0xab9e0,FUN_000ab9e0,data_only,game_engine.obj,pass,,50,50,0
0xaba00,game_engine_can_pick_up_weapon,stubbable,game_engine.obj,pass,,50,50,0
0xaba30,game_engine_initialize,data_only,game_engine.obj,pass,,50,50,0
0xabc80,game_engine_game_over,data_only,game_engine.obj,pass,,50,50,0
0xabca0,FUN_000abca0,data_only,game_engine.obj,pass,,50,50,0
0xabfd0,FUN_000abfd0,leaf,game_engine.obj,error,emulation_error,0,50,0
0xac030,FUN_000ac030,stubbable,game_engine.obj,error,emulation_error,0,50,0
0xac220,FUN_000ac220,stubbable,game_engine.obj,pass,,50,50,0
0xac3e0,FUN_000ac3e0,stubbable,game_engine.obj,fail,divergence,0,50,0
0xac4e0,game_engine_get_score_hud_text,stubbable,game_engine.obj,error,emulation_error,0,50,0
0xaca70,FUN_000aca70,stubbable,game_engine.obj,pass,,50,50,0
0xacb10,match_game_type,data_only,game_engine.obj,pass,,41,50,0
0xacbb0,game_engine_periodic_equipment_spawn,stubbable,game_engine.obj,pass,,50,50,0
0xacd70,game_engine_update_player_always_invis,data_only,game_engine.obj,error,emulation_error,0,50,0
0xaceb0,FUN_000aceb0,data_only,game_engine.obj,error,emulation_error,0,50,0
0xacef0,game_engine_hud_update_player,stubbable,game_engine.obj,error,emulation_error,0,50,0
0xacf90,game_show_score_team,stubbable,game_engine.obj,pass,,90,90,0
0xacff0,game_show_score_you_ally_enemy,stubbable,game_engine.obj,pass,,50,50,0
0xad140,FUN_000ad140,leaf,game_engine.obj,error,emulation_error,0,50,0
0xad160,find_netgame_flags,stubbable,game_engine.obj,pass,,50,50,0
0xad270,find_netgame_flag,leaf,game_engine.obj,error,emulation_error,0,50,1
0xad2b0,FUN_000ad2b0,stubbable,game_engine.obj,pass,,50,50,0
0xad3e0,game_engine_postspawn_player_update,data_only,game_engine.obj,error,emulation_error,0,50,0
0xad530,game_engine_get_damage_multiplier,data_only,game_engine.obj,pass,,3,50,0
0xad9b0,game_engine_get_distance_rating_for_spawn,stubbable,game_engine.obj,pass,,50,50,0
0xadb20,FUN_000adb20,stubbable,game_engine.obj,pass,,50,50,0
0xadc40,FUN_000adc40,stubbable,game_engine.obj,error,emulation_error,0,50,0
0xadcf0,game_engine_get_starting_location_rating,data_only,game_engine.obj,fail,divergence,0,50,0
0xadd50,game_engine_get_variant_by_name,data_only,game_engine.obj,pass,,50,50,0
0xae310,game_engine_did_player_win,data_only,game_engine.obj,error,emulation_error,0,50,0
0xae340,FUN_000ae340,stubbable,game_engine.obj,pass,,90,90,0
0xae3c0,FUN_000ae3c0,stubbable,game_engine.obj,pass,,2,50,0
0xae400,FUN_000ae400,stubbable,game_engine.obj,pass,,50,50,0
0xae460,FUN_000ae460,stubbable,game_engine.obj,pass,,50,50,0
0xae4d0,game_engine_validate_map_netgame_flags,stubbable,game_engine.obj,error,emulation_error,0,50,0
0xae7e0,game_engine_player_added,stubbable,game_engine.obj,pass,,1,50,0
0xae920,FUN_000ae920,stubbable,game_engine.obj,error,emulation_error,0,50,0
0xaebd0,game_engine_post_rasterize_post_game,stubbable,game_engine.obj,pass,,50,50,0
0xaf660,game_engine_player_killed,stubbable,game_engine.obj,pass,,7,50,0
0xaf9a0,FUN_000af9a0,data_only,game_engine.obj,error,emulation_error,0,50,0
0xafa40,FUN_000afa40,data_only,game_engine.obj,error,emulation_error,0,50,0
0xafdf0,FUN_000afdf0,data_only,game_engine.obj,error,emulation_error,0,50,0
0xafe50,FUN_000afe50,stubbable,game_engine.obj,pass,,50,50,0
0xaff20,FUN_000aff20,leaf,game_engine.obj,error,emulation_error,0,50,0
0xaff70,FUN_000aff70,stubbable,game_engine.obj,pass,,50,50,0
0xb0000,FUN_000b0000,stubbable,game_engine.obj,pass,,50,50,0
0xb00c0,FUN_000b00c0,stubbable,game_engine.obj,pass,,50,50,0
0xb0100,FUN_000b0100,stubbable,game_engine.obj,pass,,90,90,0
0xb0170,FUN_000b0170,stubbable,game_engine.obj,fail,divergence,0,50,0
0xb0210,FUN_000b0210,stubbable,game_engine.obj,pass,,49,50,0
0xb04e0,FUN_000b04e0,stubbable,game_engine.obj,pass,,50,50,0
0xb0520,FUN_000b0520,leaf,game_engine.obj,pass,,50,50,0
0xb0530,FUN_000b0530,stubbable,game_engine.obj,pass,,50,50,0
0xb0570,FUN_000b0570,stubbable,game_engine.obj,pass,,50,50,0
0xb0590,FUN_000b0590,stubbable,game_engine.obj,pass,,50,50,0
0xb09e0,FUN_000b09e0,stubbable,game_engine.obj,pass,,50,50,0
0xb0a70,FUN_000b0a70,data_only,game_engine.obj,pass,,90,90,0
0xb0ac0,FUN_000b0ac0,stubbable,game_engine.obj,fail,divergence,3,50,0
0xb1030,FUN_000b1030,stubbable,game_engine.obj,pass,,50,50,0
0xb14e0,FUN_000b14e0,stubbable,game_engine.obj,pass,,50,50,0
0xb1570,FUN_000b1570,stubbable,game_engine.obj,fail,divergence,3,50,0
0xb1760,FUN_000b1760,stubbable,game_engine.obj,pass,,90,90,0
0xb1940,FUN_000b1940,stubbable,game_engine.obj,pass,,49,50,0
0xb1a60,FUN_000b1a60,stubbable,game_engine.obj,pass,,50,50,0
0xb1aa0,FUN_000b1aa0,data_only,game_engine.obj,pass,,50,50,0
0xb1b30,FUN_000b1b30,stubbable,game_engine.obj,pass,,50,50,0
0xb1de0,FUN_000b1de0,stubbable,game_engine.obj,pass,,50,50,0
0xb1e20,FUN_000b1e20,stubbable,game_engine.obj,pass,,50,50,0
0xb1e40,FUN_000b1e40,data_only,game_engine.obj,pass,,50,50,0
0xb1e90,FUN_000b1e90,stubbable,game_engine.obj,pass,,50,50,0
0xb2010,FUN_000b2010,stubbable,game_engine.obj,pass,,50,50,0
0xb23b0,FUN_000b23b0,data_only,game_engine.obj,error,emulation_error,0,50,0
0xb24c0,game_engine_play_score_sound,stubbable,game_engine.obj,pass,,50,50,0
0xb2540,game_engine_score_tick,data_only,game_engine.obj,pass,,50,50,0
0xb2590,game_engine_get_score_sound_duration,stubbable,game_engine.obj,pass,,50,50,0
0xb2610,game_engine_post_event,data_only,game_engine.obj,pass,,47,50,0
0xb26b0,FUN_000b26b0,stubbable,game_engine.obj,pass,,50,50,0
0xb2740,FUN_000b2740,stubbable,game_engine.obj,pass,,55,55,0
0xb2900,FUN_000b2900,stubbable,game_engine.obj,pass,,47,50,0
0xb2b40,FUN_000b2b40,stubbable,game_engine.obj,pass,,50,50,0
0xb2bc0,FUN_000b2bc0,leaf,game_engine.obj,pass,,50,50,0
0xb2be0,FUN_000b2be0,leaf,game_engine.obj,pass,,50,50,0
0xb2c50,FUN_000b2c50,stubbable,game_engine.obj,pass,,50,50,0
0xb2ca0,FUN_000b2ca0,stubbable,game_engine.obj,pass,,50,50,0
0xb2ce0,FUN_000b2ce0,stubbable,game_engine.obj,pass,,50,50,0
0xb3020,FUN_000b3020,stubbable,game_engine.obj,error,emulation_error,0,50,0
0xb3090,FUN_000b3090,stubbable,game_engine.obj,pass,,50,50,0
0xb3120,FUN_000b3120,stubbable,game_engine.obj,fail,divergence,0,50,0
0xb3470,FUN_000b3470,stubbable,game_engine.obj,pass,,50,50,0
0xb36f0,FUN_000b36f0,stubbable,game_engine.obj,pass,,50,50,0
0xb3770,FUN_000b3770,stubbable,game_engine.obj,pass,,50,50,0
0xb3860,FUN_000b3860,stubbable,game_engine.obj,pass,,50,50,0
0xb3900,FUN_000b3900,stubbable,game_engine.obj,pass,,50,50,0
0xb39a0,FUN_000b39a0,stubbable,game_engine.obj,pass,,55,55,0
0xb3c60,FUN_000b3c60,stubbable,game_engine.obj,pass,,90,90,0
0xb3cf0,FUN_000b3cf0,stubbable,game_engine.obj,pass,,90,90,0
0x1c7030,game_sound_initialize,data_only,game_sound.obj,pass,,50,50,0
0x1c7060,game_sound_dispose,data_only,game_sound.obj,pass,,50,50,0
0x1c7080,game_sound_initialize_for_new_map,stubbable,game_sound.obj,pass,,50,50,0
0x1c7330,game_looping_sound_delete,stubbable,game_sound.obj,pass,,50,50,0
0x1c73d0,unattached_impulse_sound_new,stubbable,game_sound.obj,pass,,50,50,0
0x1c7480,sound_impulse_start,data_only,game_sound.obj,pass,,50,50,0
0x1c7a10,FUN_001c7a10,stubbable,game_sound.obj,pass,,50,50,0
0x1c7c30,sound_cluster_is_audible,stubbable,game_sound.obj,pass,,50,50,0
0x1c7e40,game_sound_dispose_from_old_map,stubbable,game_sound.obj,pass,,50,50,0
0x1c80e0,sound_looping_stop,stubbable,game_sound.obj,pass,,50,50,0
0x1c8140,game_sound_update,stubbable,game_sound.obj,pass,,50,50,0
0x1c8310,sound_compute_source_obstruction,stubbable,game_sound.obj,pass,,50,50,0
0x1c8c80,game_sound_set_music_volume,data_only,game_sound.obj,pass,,50,50,0
0x1c7d70,game_sound_music_stop_for_vehicle,stubbable,game_sound.obj,pass,,50,50,0
0x1bf870,game_state_dispose_from_old_map,leaf,game_state.obj,pass,,50,50,0
0x1bf760,FUN_001bf760,leaf,game_state.obj,pass,,50,50,0
0x1c0220,xbox_game_state_dispose_buffer,stubbable,game_state_xbox.obj,pass,,50,50,0
0x1c0330,xbox_game_state_close_file,stubbable,game_state_xbox.obj,pass,,50,50,0
0x1c0370,game_state_write_to_file,stubbable,game_state_xbox.obj,pass,,50,50,0
0x1c0720,FUN_001c0720,data_only,game_state_xbox.obj,pass,,50,50,0
0x1c0750,FUN_001c0750,stubbable,game_state_xbox.obj,error,emulation_error,0,50,0
0x1c0910,game_state_read_header_from_persistent_storage,stubbable,game_state_xbox.obj,fail,divergence,0,50,0
0x1c0c20,FUN_001c0c20,stubbable,game_state_xbox.obj,pass,,50,50,0
0x1c0cf0,FUN_001c0cf0,stubbable,game_state_xbox.obj,pass,,50,50,0
0x1c0d70,FUN_001c0d70,stubbable,game_state_xbox.obj,pass,,50,50,0
0xb5640,game_statistics_start,data_only,game_statistics.obj,pass,,50,50,0
0xb5650,game_statistics_stop,stubbable,game_statistics.obj,pass,,90,90,0
0xb56e0,game_statistics_record_damage,leaf,game_statistics.obj,pass,,50,50,0
0xb56f0,FUN_000b56f0,stubbable,game_statistics.obj,pass,,50,50,0
0xb5a60,game_time_end,stubbable,game_time.obj,pass,,50,50,0
0xb5aa0,game_time_get,data_only,game_time.obj,pass,,50,50,0
0xb5ae0,game_time_get_elapsed,data_only,game_time.obj,pass,,50,50,0
0xb5b20,local_time_get,data_only,game_time.obj,pass,,50,50,0
0xb5be0,game_in_progress,stubbable,game_time.obj,pass,,50,50,0
0xb5c30,game_time_get_paused,stubbable,game_time.obj,pass,,50,50,0
0xb5c70,game_time_set_paused,stubbable,game_time.obj,pass,,50,50,0
0xb5d00,game_time_set_speed,stubbable,game_time.obj,pass,,50,50,0
0xb5d60,game_time_statistics_frame,stubbable,game_time.obj,pass,,50,50,0
0xb5f40,game_time_start,data_only,game_time.obj,pass,,50,50,0
0xb6020,game_time_update,stubbable,game_time.obj,error,emulation_error,0,50,0
0xc0c30,FUN_000c0c30,stubbable,hs.obj,pass,,50,50,0
0xc0cb0,FUN_000c0cb0,stubbable,hs.obj,pass,,50,50,0
0xc0cd0,FUN_000c0cd0,stubbable,hs.obj,pass,,50,50,0
0xc0d50,FUN_000c0d50,stubbable,hs.obj,pass,,50,50,0
0xc0dd0,FUN_000c0dd0,stubbable,hs.obj,pass,,50,50,0
0xc0ed0,FUN_000c0ed0,stubbable,hs.obj,pass,,50,50,0
0xc0f10,FUN_000c0f10,stubbable,hs.obj,pass,,50,50,0
0xc0f90,FUN_000c0f90,stubbable,hs.obj,pass,,50,50,0
0xc1010,FUN_000c1010,stubbable,hs.obj,pass,,50,50,0
0xc1050,FUN_000c1050,stubbable,hs.obj,pass,,50,50,0
0xc10d0,FUN_000c10d0,stubbable,hs.obj,pass,,50,50,0
0xc1110,FUN_000c1110,stubbable,hs.obj,pass,,50,50,0
0xc1150,FUN_000c1150,stubbable,hs.obj,pass,,50,50,0
0xc1190,FUN_000c1190,stubbable,hs.obj,pass,,50,50,0
0xc11d0,FUN_000c11d0,stubbable,hs.obj,pass,,50,50,0
0xc1210,FUN_000c1210,stubbable,hs.obj,pass,,50,50,0
0xc1260,FUN_000c1260,stubbable,hs.obj,pass,,50,50,0
0xc12b0,FUN_000c12b0,stubbable,hs.obj,pass,,50,50,0
0xc1300,FUN_000c1300,stubbable,hs.obj,pass,,50,50,0
0xc1350,FUN_000c1350,stubbable,hs.obj,pass,,50,50,0
0xc1390,FUN_000c1390,stubbable,hs.obj,pass,,50,50,0
0xc13d0,FUN_000c13d0,stubbable,hs.obj,pass,,50,50,0
0xc1420,FUN_000c1420,stubbable,hs.obj,pass,,50,50,0
0xc1470,FUN_000c1470,stubbable,hs.obj,pass,,50,50,0
0xc14b0,FUN_000c14b0,stubbable,hs.obj,pass,,50,50,0
0xc1500,FUN_000c1500,stubbable,hs.obj,pass,,50,50,0
0xc1550,FUN_000c1550,stubbable,hs.obj,pass,,50,50,0
0xc15a0,FUN_000c15a0,stubbable,hs.obj,pass,,50,50,0
0xc15f0,FUN_000c15f0,stubbable,hs.obj,pass,,50,50,0
0xc1640,FUN_000c1640,stubbable,hs.obj,pass,,50,50,0
0xc1680,FUN_000c1680,stubbable,hs.obj,pass,,50,50,0
0xc16c0,FUN_000c16c0,stubbable,hs.obj,pass,,50,50,0
0xc1700,FUN_000c1700,stubbable,hs.obj,pass,,50,50,0
0xc1740,FUN_000c1740,stubbable,hs.obj,pass,,50,50,0
0xc1780,FUN_000c1780,stubbable,hs.obj,pass,,50,50,0
0xc17c0,FUN_000c17c0,stubbable,hs.obj,pass,,50,50,0
0xc17f0,FUN_000c17f0,stubbable,hs.obj,pass,,50,50,0
0xc1810,FUN_000c1810,stubbable,hs.obj,pass,,50,50,0
0xc1830,FUN_000c1830,stubbable,hs.obj,pass,,50,50,0
0xc1870,FUN_000c1870,stubbable,hs.obj,pass,,50,50,0
0xc18b0,FUN_000c18b0,stubbable,hs.obj,pass,,50,50,0
0xc18d0,FUN_000c18d0,stubbable,hs.obj,pass,,50,50,0
0xc1900,FUN_000c1900,stubbable,hs.obj,pass,,50,50,0
0xc1930,FUN_000c1930,stubbable,hs.obj,pass,,50,50,0
0xc1950,FUN_000c1950,stubbable,hs.obj,pass,,50,50,0
0xc1990,FUN_000c1990,stubbable,hs.obj,pass,,50,50,0
0xc19e0,FUN_000c19e0,stubbable,hs.obj,pass,,50,50,0
0xc1a00,FUN_000c1a00,stubbable,hs.obj,pass,,50,50,0
0xc1a30,FUN_000c1a30,stubbable,hs.obj,pass,,50,50,0
0xc1a60,FUN_000c1a60,stubbable,hs.obj,pass,,50,50,0
0xc1a90,FUN_000c1a90,stubbable,hs.obj,pass,,50,50,0
0xc1ac0,FUN_000c1ac0,stubbable,hs.obj,pass,,50,50,0
0xc1af0,FUN_000c1af0,stubbable,hs.obj,pass,,50,50,0
0xc1b20,FUN_000c1b20,stubbable,hs.obj,pass,,50,50,0
0xc1b50,FUN_000c1b50,stubbable,hs.obj,pass,,50,50,0
0xc1b80,FUN_000c1b80,stubbable,hs.obj,pass,,50,50,0
0xc1bb0,FUN_000c1bb0,stubbable,hs.obj,pass,,50,50,0
0xc1be0,FUN_000c1be0,stubbable,hs.obj,pass,,50,50,0
0xc1c10,FUN_000c1c10,stubbable,hs.obj,pass,,50,50,0
0xc1c40,FUN_000c1c40,stubbable,hs.obj,pass,,50,50,0
0xc1c70,FUN_000c1c70,stubbable,hs.obj,pass,,50,50,0
0xc1cb0,FUN_000c1cb0,stubbable,hs.obj,pass,,50,50,0
0xc1cf0,FUN_000c1cf0,stubbable,hs.obj,pass,,50,50,0
0xc1d10,FUN_000c1d10,stubbable,hs.obj,pass,,50,50,0
0xc1d50,FUN_000c1d50,stubbable,hs.obj,pass,,50,50,0
0xc1d90,FUN_000c1d90,stubbable,hs.obj,pass,,50,50,0
0xc1dd0,FUN_000c1dd0,stubbable,hs.obj,pass,,50,50,0
0xc1e10,FUN_000c1e10,stubbable,hs.obj,pass,,50,50,0
0xc1e50,FUN_000c1e50,stubbable,hs.obj,pass,,50,50,0
0xc1e80,FUN_000c1e80,stubbable,hs.obj,pass,,50,50,0
0xc1ea0,FUN_000c1ea0,stubbable,hs.obj,pass,,50,50,0
0xc1ec0,FUN_000c1ec0,stubbable,hs.obj,pass,,50,50,0
0xc1ee0,FUN_000c1ee0,stubbable,hs.obj,pass,,50,50,0
0xc1f00,FUN_000c1f00,stubbable,hs.obj,pass,,50,50,0
0xc1f20,FUN_000c1f20,stubbable,hs.obj,pass,,50,50,0
0xc1f40,FUN_000c1f40,stubbable,hs.obj,pass,,50,50,0
0xc1f80,FUN_000c1f80,stubbable,hs.obj,pass,,50,50,0
0xc1fa0,FUN_000c1fa0,stubbable,hs.obj,pass,,50,50,0
0xc1fc0,FUN_000c1fc0,stubbable,hs.obj,pass,,50,50,0
0xc2000,FUN_000c2000,stubbable,hs.obj,pass,,50,50,0
0xc2040,FUN_000c2040,stubbable,hs.obj,pass,,50,50,0
0xc2080,FUN_000c2080,stubbable,hs.obj,pass,,50,50,0
0xc20c0,FUN_000c20c0,stubbable,hs.obj,pass,,50,50,0
0xc2100,FUN_000c2100,stubbable,hs.obj,pass,,50,50,0
0xc2120,FUN_000c2120,stubbable,hs.obj,pass,,50,50,0
0xc2140,FUN_000c2140,stubbable,hs.obj,pass,,50,50,0
0xc2160,FUN_000c2160,stubbable,hs.obj,pass,,50,50,0
0xc2180,FUN_000c2180,stubbable,hs.obj,pass,,50,50,0
0xc21a0,FUN_000c21a0,stubbable,hs.obj,pass,,50,50,0
0xc21e0,FUN_000c21e0,stubbable,hs.obj,pass,,50,50,0
0xc2220,FUN_000c2220,stubbable,hs.obj,pass,,50,50,0
0xc2260,FUN_000c2260,stubbable,hs.obj,pass,,50,50,0
0xc22a0,FUN_000c22a0,stubbable,hs.obj,pass,,50,50,0
0xc22f0,FUN_000c22f0,stubbable,hs.obj,pass,,50,50,0
0xc2340,FUN_000c2340,stubbable,hs.obj,pass,,50,50,0
0xc2360,FUN_000c2360,stubbable,hs.obj,pass,,50,50,0
0xc2380,FUN_000c2380,stubbable,hs.obj,pass,,50,50,0
0xc23a0,FUN_000c23a0,stubbable,hs.obj,pass,,50,50,0
0xc23c0,FUN_000c23c0,stubbable,hs.obj,pass,,50,50,0
0xc2400,FUN_000c2400,stubbable,hs.obj,pass,,50,50,0
0xc2480,FUN_000c2480,stubbable,hs.obj,pass,,50,50,0
0xc24c0,FUN_000c24c0,stubbable,hs.obj,pass,,50,50,0
0xc24e0,FUN_000c24e0,stubbable,hs.obj,pass,,50,50,0
0xc2500,FUN_000c2500,stubbable,hs.obj,pass,,50,50,0
0xc2520,FUN_000c2520,stubbable,hs.obj,pass,,50,50,0
0xc2550,FUN_000c2550,stubbable,hs.obj,pass,,50,50,0
0xc2580,FUN_000c2580,stubbable,hs.obj,pass,,50,50,0
0xc25b0,FUN_000c25b0,stubbable,hs.obj,pass,,50,50,0
0xc25e0,FUN_000c25e0,stubbable,hs.obj,pass,,50,50,0
0xc2600,FUN_000c2600,stubbable,hs.obj,pass,,50,50,0
0xc2620,FUN_000c2620,stubbable,hs.obj,pass,,50,50,0
0xc2640,FUN_000c2640,stubbable,hs.obj,pass,,50,50,0
0xc2660,FUN_000c2660,stubbable,hs.obj,pass,,50,50,0
0xc2690,FUN_000c2690,stubbable,hs.obj,pass,,50,50,0
0xc26b0,FUN_000c26b0,stubbable,hs.obj,pass,,50,50,0
0xc26d0,FUN_000c26d0,stubbable,hs.obj,pass,,50,50,0
0xc26f0,FUN_000c26f0,stubbable,hs.obj,pass,,50,50,0
0xc2730,FUN_000c2730,stubbable,hs.obj,pass,,50,50,0
0xc2770,FUN_000c2770,stubbable,hs.obj,pass,,50,50,0
0xc2790,FUN_000c2790,stubbable,hs.obj,pass,,50,50,0
0xc27d0,FUN_000c27d0,stubbable,hs.obj,pass,,50,50,0
0xc2810,FUN_000c2810,stubbable,hs.obj,pass,,50,50,0
0xc2840,FUN_000c2840,stubbable,hs.obj,pass,,50,50,0
0xc2880,FUN_000c2880,stubbable,hs.obj,pass,,50,50,0
0xc28c0,FUN_000c28c0,stubbable,hs.obj,pass,,50,50,0
0xc2900,FUN_000c2900,stubbable,hs.obj,pass,,50,50,0
0xc2940,FUN_000c2940,stubbable,hs.obj,pass,,50,50,0
0xc2980,FUN_000c2980,stubbable,hs.obj,pass,,50,50,0
0xc29c0,FUN_000c29c0,stubbable,hs.obj,pass,,50,50,0
0xc2a00,FUN_000c2a00,stubbable,hs.obj,pass,,50,50,0
0xc2a40,FUN_000c2a40,stubbable,hs.obj,pass,,50,50,0
0xc2ad0,FUN_000c2ad0,stubbable,hs.obj,pass,,50,50,0
0xc2b10,FUN_000c2b10,stubbable,hs.obj,pass,,50,50,0
0xc2b50,FUN_000c2b50,stubbable,hs.obj,pass,,50,50,0
0xc2b90,FUN_000c2b90,stubbable,hs.obj,pass,,50,50,0
0xc2bd0,FUN_000c2bd0,stubbable,hs.obj,pass,,50,50,0
0xc2c20,FUN_000c2c20,stubbable,hs.obj,pass,,50,50,0
0xc2c70,FUN_000c2c70,stubbable,hs.obj,pass,,50,50,0
0xc2cb0,FUN_000c2cb0,stubbable,hs.obj,pass,,50,50,0
0xc2cd0,FUN_000c2cd0,stubbable,hs.obj,pass,,50,50,0
0xc2d20,FUN_000c2d20,stubbable,hs.obj,pass,,50,50,0
0xc2dc0,FUN_000c2dc0,stubbable,hs.obj,pass,,50,50,0
0xc2e10,FUN_000c2e10,stubbable,hs.obj,pass,,50,50,0
0xc2e50,FUN_000c2e50,stubbable,hs.obj,pass,,50,50,0
0xc2e90,FUN_000c2e90,stubbable,hs.obj,pass,,50,50,0
0xc2ed0,FUN_000c2ed0,stubbable,hs.obj,pass,,50,50,0
0xc2f10,FUN_000c2f10,stubbable,hs.obj,pass,,50,50,0
0xc2f30,FUN_000c2f30,stubbable,hs.obj,pass,,50,50,0
0xc2f70,FUN_000c2f70,stubbable,hs.obj,pass,,50,50,0
0xc3030,FUN_000c3030,stubbable,hs.obj,pass,,50,50,0
0xc3070,FUN_000c3070,stubbable,hs.obj,pass,,50,50,0
0xc30b0,FUN_000c30b0,stubbable,hs.obj,pass,,50,50,0
0xc30f0,FUN_000c30f0,stubbable,hs.obj,pass,,50,50,0
0xc3130,FUN_000c3130,stubbable,hs.obj,pass,,50,50,0
0xc3170,FUN_000c3170,stubbable,hs.obj,pass,,50,50,0
0xc31b0,FUN_000c31b0,stubbable,hs.obj,pass,,50,50,0
0xc31f0,FUN_000c31f0,stubbable,hs.obj,pass,,50,50,0
0xc3230,FUN_000c3230,stubbable,hs.obj,pass,,50,50,0
0xc3270,FUN_000c3270,stubbable,hs.obj,pass,,50,50,0
0xc32b0,FUN_000c32b0,stubbable,hs.obj,pass,,50,50,0
0xc32d0,FUN_000c32d0,stubbable,hs.obj,pass,,50,50,0
0xc3310,FUN_000c3310,stubbable,hs.obj,pass,,50,50,0
0xc3350,FUN_000c3350,stubbable,hs.obj,pass,,50,50,0
0xc3390,FUN_000c3390,stubbable,hs.obj,pass,,50,50,0
0xc33d0,FUN_000c33d0,stubbable,hs.obj,pass,,50,50,0
0xc3420,FUN_000c3420,stubbable,hs.obj,pass,,50,50,0
0xc3460,FUN_000c3460,stubbable,hs.obj,pass,,50,50,0
0xc34a0,FUN_000c34a0,stubbable,hs.obj,pass,,50,50,0
0xc34d0,FUN_000c34d0,stubbable,hs.obj,pass,,50,50,0
0xc3510,FUN_000c3510,stubbable,hs.obj,pass,,50,50,0
0xc3550,FUN_000c3550,stubbable,hs.obj,pass,,50,50,0
0xc3570,FUN_000c3570,stubbable,hs.obj,pass,,50,50,0
0xc3590,FUN_000c3590,stubbable,hs.obj,pass,,50,50,0
0xc3600,FUN_000c3600,stubbable,hs.obj,pass,,50,50,0
0xc3620,FUN_000c3620,stubbable,hs.obj,pass,,50,50,0
0xc3660,FUN_000c3660,stubbable,hs.obj,pass,,50,50,0
0xc37b0,FUN_000c37b0,stubbable,hs.obj,pass,,50,50,0
0xc37f0,FUN_000c37f0,stubbable,hs.obj,pass,,50,50,0
0xc3810,FUN_000c3810,stubbable,hs.obj,pass,,50,50,0
0xc3850,FUN_000c3850,stubbable,hs.obj,pass,,50,50,0
0xc3870,FUN_000c3870,stubbable,hs.obj,error,emulation_error,0,50,0
0xc3890,FUN_000c3890,stubbable,hs.obj,pass,,50,50,0
0xc38b0,FUN_000c38b0,stubbable,hs.obj,pass,,50,50,0
0xc38d0,FUN_000c38d0,stubbable,hs.obj,pass,,50,50,0
0xc3910,FUN_000c3910,stubbable,hs.obj,pass,,50,50,0
0xc3940,FUN_000c3940,stubbable,hs.obj,pass,,50,50,0
0xc3970,FUN_000c3970,stubbable,hs.obj,pass,,50,50,0
0xc39b0,FUN_000c39b0,stubbable,hs.obj,pass,,50,50,0
0xc39f0,FUN_000c39f0,stubbable,hs.obj,pass,,50,50,0
0xc3a10,FUN_000c3a10,stubbable,hs.obj,pass,,50,50,0
0xc3a50,hs_scenario_merge,leaf,hs.obj,pass,,50,50,0
0xc3db0,hs_find_tag_reference_by_index,stubbable,hs.obj,pass,,50,50,0
0xc4010,FUN_000c4010,stubbable,hs.obj,pass,,50,50,0
0xc4030,FUN_000c4030,stubbable,hs.obj,pass,,50,50,0
0xc4130,FUN_000c4130,stubbable,hs.obj,pass,,50,50,0
0xc41b0,FUN_000c41b0,data_only,hs.obj,pass,,50,50,0
0xc41e0,FUN_000c41e0,data_only,hs.obj,fail,divergence,0,50,0
0xc4580,hs_tokens_enumerate,stubbable,hs.obj,pass,,50,50,0
0xc4770,FUN_000c4770,stubbable,hs.obj,pass,,50,50,0
0xc4a40,FUN_000c4a40,stubbable,hs.obj,fail,divergence,30,90,0
0xc4ae0,FUN_000c4ae0,stubbable,hs.obj,fail,divergence,43,50,0
0xc4b00,hs_evaluate_by_name,stubbable,hs.obj,fail,divergence,0,50,0
0xc4b40,FUN_000c4b40,stubbable,hs.obj,pass,,50,50,0
0xc4b60,FUN_000c4b60,stubbable,hs.obj,pass,,50,50,0
0xc4bb0,FUN_000c4bb0,stubbable,hs.obj,pass,,50,50,0
0xc4e90,hs_doc,stubbable,hs.obj,not_applicable,lifted_extract_failed,0,0,0
0xc4ff0,FUN_000c4ff0,stubbable,hs.obj,error,emulation_error,0,50,0
0xc5010,FUN_000c5010,stubbable,hs.obj,pass,,50,50,0
0xc5730,hs_compile_initialize,stubbable,hs_compile.obj,pass,,50,50,0
0xc57d0,FUN_000c57d0,data_only,hs_compile.obj,pass,,50,50,0
0xc5840,FUN_000c5840,stubbable,hs_compile.obj,pass,,50,50,0
0xc5960,FUN_000c5960,stubbable,hs_compile.obj,pass,,50,50,0
0xc5a20,FUN_000c5a20,stubbable,hs_compile.obj,pass,,50,50,0
0xc5b50,FUN_000c5b50,stubbable,hs_compile.obj,pass,,50,50,0
0xc5c40,FUN_000c5c40,stubbable,hs_compile.obj,pass,,50,50,0
0xc5d60,FUN_000c5d60,stubbable,hs_compile.obj,pass,,50,50,0
0xc5de0,FUN_000c5de0,stubbable,hs_compile.obj,pass,,50,50,0
0xc5e90,FUN_000c5e90,stubbable,hs_compile.obj,pass,,50,50,0
0xc6130,FUN_000c6130,stubbable,hs_compile.obj,pass,,50,50,0
0xc6230,FUN_000c6230,stubbable,hs_compile.obj,pass,,50,50,0
0xc62a0,FUN_000c62a0,stubbable,hs_compile.obj,pass,,50,50,0
0xc6310,FUN_000c6310,stubbable,hs_compile.obj,pass,,50,50,0
0xc6380,FUN_000c6380,stubbable,hs_compile.obj,pass,,50,50,0
0xc63f0,FUN_000c63f0,stubbable,hs_compile.obj,pass,,50,50,0
0xc6460,FUN_000c6460,stubbable,hs_compile.obj,pass,,50,50,0
0xc64d0,FUN_000c64d0,stubbable,hs_compile.obj,pass,,50,50,0
0xc6580,FUN_000c6580,stubbable,hs_compile.obj,pass,,50,50,0
0xc65f0,FUN_000c65f0,stubbable,hs_compile.obj,pass,,50,50,0
0xc6660,FUN_000c6660,stubbable,hs_compile.obj,pass,,50,50,0
0xc6810,FUN_000c6810,stubbable,hs_compile.obj,pass,,50,50,0
0xc68b0,FUN_000c68b0,stubbable,hs_compile.obj,pass,,50,50,0
0xc69d0,FUN_000c69d0,stubbable,hs_compile.obj,pass,,50,50,0
0xc6a70,FUN_000c6a70,stubbable,hs_compile.obj,pass,,50,50,0
0xc6b00,FUN_000c6b00,stubbable,hs_compile.obj,pass,,50,50,0
0xc6d90,FUN_000c6d90,stubbable,hs_compile.obj,pass,,50,50,0
0xc71c0,FUN_000c71c0,stubbable,hs_compile.obj,pass,,83,90,0
0xc73a0,FUN_000c73a0,stubbable,hs_compile.obj,pass,,50,50,0
0xc74c0,FUN_000c74c0,stubbable,hs_compile.obj,pass,,50,50,0
0xc7b10,FUN_000c7b10,stubbable,hs_compile.obj,error,timeout,0,0,0
0xc7be0,FUN_000c7be0,stubbable,hs_compile.obj,fail,divergence,0,50,0
0xc7ca0,FUN_000c7ca0,stubbable,hs_compile.obj,fail,divergence,43,50,0
0xc93f0,hs_compile_recompile_scripts,stubbable,hs_compile.obj,pass,,50,50,0
0xc7840,hs_validate_syntax,stubbable,hs_runtime.obj,pass,,90,90,0
0xc9050,hs_compile,stubbable,hs_runtime.obj,pass,,50,50,0
0xc92b0,hs_compile_source,stubbable,hs_runtime.obj,fail,divergence,20,50,0
0xc94f0,hs_compile_cleanup,stubbable,hs_runtime.obj,pass,,50,50,0
0xca800,hs_runtime_dispose_from_old_map,stubbable,hs_runtime.obj,pass,,90,90,0
0xcaa30,FUN_000caa30,stubbable,hs_runtime.obj,pass,,50,50,0
0xcaa80,hs_get_thread_script_name,stubbable,hs_runtime.obj,pass,,50,50,0
0xcab00,hs_thread_push_frame,stubbable,hs_runtime.obj,pass,,50,50,0
0xcaba0,hs_thread_stack_alloc,stubbable,hs_runtime.obj,pass,,27,50,0
0xcada0,FUN_000cada0,stubbable,hs_runtime.obj,pass,,90,90,0
0xcaff0,hs_object_types_compatible,data_only,hs_runtime.obj,pass,,50,50,0
0xcb170,hs_can_cast,stubbable,hs_runtime.obj,pass,,3,50,0
0xcb230,FUN_000cb230,stubbable,hs_runtime.obj,pass,,50,50,0
0xcb7b0,FUN_000cb7b0,stubbable,hs_runtime.obj,pass,,50,50,0
0xcbf80,hs_return,stubbable,hs_runtime.obj,pass,,29,50,0
0xcc1d0,FUN_000cc1d0,stubbable,hs_runtime.obj,fail,divergence,0,50,0
0xcc340,FUN_000cc340,stubbable,hs_runtime.obj,error,emulation_error,0,50,0
0xcc3a0,FUN_000cc3a0,stubbable,hs_runtime.obj,pass,,16,50,0
0xcc560,hs_macro_function_evaluate,stubbable,hs_runtime.obj,pass,,39,50,0
0xcc590,hs_evaluate_begin,stubbable,hs_runtime.obj,error,emulation_error,0,50,0
0xcc660,hs_evaluate_begin_random,stubbable,hs_runtime.obj,error,emulation_error,0,50,0
0xcc870,hs_evaluate_if,stubbable,hs_runtime.obj,error,emulation_error,0,50,0
0xcca00,hs_evaluate_set,stubbable,hs_runtime.obj,error,emulation_error,0,50,0
0xccb40,hs_evaluate_logical,stubbable,hs_runtime.obj,error,emulation_error,0,50,0
0xccc70,hs_evaluate_arithmetic,stubbable,hs_runtime.obj,error,emulation_error,0,50,0
0xccdf0,hs_evaluate_equality,stubbable,hs_runtime.obj,pass,,47,50,0
0xcd0e0,hs_evaluate_sleep,stubbable,hs_runtime.obj,error,emulation_error,0,50,0
0xcd2a0,hs_evaluate_sleep_until,stubbable,hs_runtime.obj,error,emulation_error,0,50,0
0xcd4a0,hs_evaluate_inspect,stubbable,hs_runtime.obj,pass,,24,50,0
0xcd5a0,hs_evaluate_object_cast_up,stubbable,hs_runtime.obj,pass,,24,50,0
0xcd6c0,hs_evaluate_debug_string,stubbable,hs_runtime.obj,error,emulation_error,0,50,0
0xcd840,FUN_000cd840,stubbable,hs_runtime.obj,fail,divergence,0,50,0
0xcdb30,hs_runtime_initialize_for_new_map,stubbable,hs_runtime.obj,pass,,90,90,0
0xcdeb0,hs_runtime_execute,stubbable,hs_runtime.obj,pass,,50,50,0
0xce1c0,hs_runtime_initialize,stubbable,hs_runtime.obj,pass,,50,50,0
0xce1e0,hs_runtime_dispose,stubbable,hs_runtime.obj,pass,,50,50,0
0xce320,FUN_000ce320,stubbable,hs_runtime.obj,pass,,50,50,0
0xce350,FUN_000ce350,stubbable,hs_runtime.obj,pass,,50,50,0
0xce370,FUN_000ce370,stubbable,hs_runtime.obj,pass,,50,50,0
0xce450,FUN_000ce450,stubbable,hs_runtime.obj,pass,,50,50,0
0xd0360,hud_initialize_for_new_map,stubbable,hud.obj,pass,,50,50,0
0xd03e0,hud_dispose_from_old_map,stubbable,hud.obj,pass,,50,50,0
0xd0400,scripted_show_hud,data_only,hud.obj,pass,,50,50,0
0xd0420,scripted_show_hud_help_text,data_only,hud.obj,pass,,50,50,0
0xd0440,hud_update,stubbable,hud.obj,error,emulation_error,0,50,0
0xd04d0,FUN_000d04d0,stubbable,hud.obj,pass,,50,50,0
0xd0bf0,hud_player_set_equipment,stubbable,hud.obj,pass,,50,50,0
0xd0c10,hud_player_enter_vehicle,stubbable,hud.obj,pass,,50,50,0
0xd0c40,hud_player_set_vehicle,stubbable,hud.obj,pass,,50,50,0
0xd0c60,hud_player_set_vehicle_seat,stubbable,hud.obj,pass,,50,50,0
0xd0d50,hud_load,data_only,hud.obj,pass,,50,50,0
0xd0db0,hud_autosave,data_only,hud.obj,error,emulation_error,0,50,0
0xd0e90,FUN_000d0e90,stubbable,hud.obj,pass,,50,50,0
0xd0ff0,FUN_000d0ff0,stubbable,hud.obj,pass,,50,50,0
0xd1400,FUN_000d1400,stubbable,hud.obj,pass,,50,50,0
0xd1540,FUN_000d1540,leaf,hud.obj,pass,,50,50,0
0xd1550,FUN_000d1550,leaf,hud.obj,pass,,50,50,0
0xd1580,FUN_000d1580,stubbable,hud.obj,pass,,50,50,0
0xd1690,FUN_000d1690,data_only,hud.obj,pass,,50,50,0
0xd1890,FUN_000d1890,stubbable,hud.obj,pass,,43,50,0
0xd1a70,FUN_000d1a70,stubbable,hud.obj,pass,,90,90,0
0xd1c50,FUN_000d1c50,leaf,hud.obj,pass,,50,50,0
0xd1c90,FUN_000d1c90,stubbable,hud.obj,fail,divergence,0,50,0
0xd1dd0,FUN_000d1dd0,stubbable,hud.obj,pass,,50,50,0
0xd1f40,FUN_000d1f40,stubbable,hud.obj,pass,,49,50,0
0xd2300,FUN_000d2300,data_only,hud.obj,pass,,50,50,0
0xd2320,FUN_000d2320,stubbable,hud.obj,fail,divergence,19,50,0
0xd2580,FUN_000d2580,stubbable,hud.obj,pass,,50,50,0
0xd27a0,FUN_000d27a0,stubbable,hud.obj,pass,,14,50,0
0xd02c0,FUN_000d02c0,leaf,hud.obj,pass,,50,50,0
0xd02f0,hud_new,stubbable,hud.obj,pass,,50,50,0
0xd3080,FUN_000d3080,stubbable,hud_draw.obj,pass,,41,50,0
0xd3200,FUN_000d3200,stubbable,hud_draw.obj,pass,,68,90,0
0xd3340,FUN_000d3340,stubbable,hud_draw.obj,pass,,50,50,0
0xd3860,FUN_000d3860,stubbable,hud_draw.obj,pass,,50,50,0
0xd3fa0,FUN_000d3fa0,stubbable,hud_messaging.obj,pass,,4,50,0
0xd3fe0,FUN_000d3fe0,stubbable,hud_messaging.obj,pass,,50,50,0
0xd4260,FUN_000d4260,stubbable,hud_messaging.obj,pass,,90,90,0
0xd4470,FUN_000d4470,stubbable,hud_messaging.obj,error,emulation_error,0,50,0
0xd44f0,FUN_000d44f0,stubbable,hud_messaging.obj,pass,,50,50,0
0xd4680,hud_messaging_initialize,stubbable,hud_messaging.obj,pass,,50,50,0
0xd46a0,FUN_000d46a0,stubbable,hud_messaging.obj,pass,,50,50,0
0xd46d0,FUN_000d46d0,leaf,hud_messaging.obj,pass,,50,50,0
0xd46e0,FUN_000d46e0,leaf,hud_messaging.obj,pass,,50,50,0
0xd46f0,scripted_hud_set_state_message,stubbable,hud_messaging.obj,pass,,50,50,0
0xd4740,scripted_hud_set_flashing_state,stubbable,hud_messaging.obj,pass,,50,50,0
0xd4780,scripted_hud_restart_flashing,stubbable,hud_messaging.obj,pass,,50,50,0
0xd47c0,scripted_hud_set_objective,stubbable,hud_messaging.obj,pass,,50,50,0
0xd4860,scripted_hud_set_timer_time,stubbable,hud_messaging.obj,pass,,50,50,0
0xd48e0,scripted_hud_set_timer_warning_cutoff,data_only,hud_messaging.obj,pass,,50,50,0
0xd4900,scripted_hud_set_timer_position,data_only,hud_messaging.obj,pass,,50,50,0
0xd4960,scripted_hud_show_timer,data_only,hud_messaging.obj,pass,,50,50,0
0xd4980,scripted_hud_pause_timer,stubbable,hud_messaging.obj,pass,,50,50,0
0xd49d0,scripted_hud_get_timer_ticks,data_only,hud_messaging.obj,pass,,50,50,0
0xd4a20,scripted_hud_time_code_show,stubbable,hud_messaging.obj,pass,,50,50,0
0xd4a50,scripted_hud_time_code_start,stubbable,hud_messaging.obj,pass,,50,50,0
0xd4a90,scripted_hud_time_code_reset,stubbable,hud_messaging.obj,pass,,50,50,0
0xd4d90,hud_set_state_message,stubbable,hud_messaging.obj,pass,,50,50,0
0xd4e30,hud_set_state_message_icon,data_only,hud_messaging.obj,pass,,80,80,0
0xd4e90,hud_set_state_message_text,data_only,hud_messaging.obj,pass,,65,65,0
0xd4f00,hud_enable_custom_state_message,stubbable,hud_messaging.obj,pass,,50,50,0
0xd4f70,hud_set_state_text,stubbable,hud_messaging.obj,pass,,50,50,0
0xd4fb0,hud_messaging_get_objective,stubbable,hud_messaging.obj,pass,,50,50,0
0xd5070,hud_find_message_slot,leaf,hud_messaging.obj,pass,,50,50,1
0xd50f0,hud_messaging_slot_compare,leaf,hud_messaging.obj,pass,,50,50,0
0xd5160,hud_get_font_index,stubbable,hud_messaging.obj,pass,,50,50,0
0xd5240,hud_messaging_set_vehicle_notification,data_only,hud_messaging.obj,pass,,50,50,0
0xd52e0,FUN_000d52e0,stubbable,hud_messaging.obj,fail,divergence,0,50,0
0xd5ec0,hud_find_nav_point_by_name,data_only,hud_messaging.obj,pass,,50,50,0
0xd5fb0,hud_nav_points_initialize,stubbable,hud_messaging.obj,pass,,50,50,0
0xd5ff0,hud_messaging_initialize_for_new_map,stubbable,hud_messaging.obj,pass,,50,50,0
0xd6010,hud_messaging_dispose_from_old_map,leaf,hud_messaging.obj,pass,,50,50,0
0xd6020,hud_messaging_dispose,leaf,hud_messaging.obj,pass,,50,50,0
0xd6030,FUN_000d6030,stubbable,hud_messaging.obj,pass,,50,50,0
0xd6120,FUN_000d6120,leaf,hud_messaging.obj,error,emulation_error,0,50,0
0xd6140,FUN_000d6140,leaf,hud_messaging.obj,error,emulation_error,0,50,0
0xd6160,FUN_000d6160,leaf,hud_messaging.obj,error,emulation_error,0,50,0
0xd6180,FUN_000d6180,stubbable,hud_messaging.obj,pass,,90,90,0
0xd6280,FUN_000d6280,stubbable,hud_messaging.obj,pass,,90,90,0
0xd6320,FUN_000d6320,stubbable,hud_messaging.obj,pass,,3,50,0
0xd6390,FUN_000d6390,leaf,hud_messaging.obj,error,emulation_error,0,50,0
0xd63b0,FUN_000d63b0,leaf,hud_messaging.obj,error,emulation_error,0,50,0
0xd63d0,FUN_000d63d0,leaf,hud_messaging.obj,error,emulation_error,0,50,0
0xd63f0,FUN_000d63f0,stubbable,hud_messaging.obj,pass,,90,90,0
0xd6490,FUN_000d6490,stubbable,hud_messaging.obj,pass,,50,50,0
0xd64c0,FUN_000d64c0,stubbable,hud_messaging.obj,pass,,50,50,0
0xd64f0,FUN_000d64f0,stubbable,hud_messaging.obj,pass,,50,50,0
0xd6520,FUN_000d6520,stubbable,hud_messaging.obj,pass,,50,50,0
0xd6550,FUN_000d6550,stubbable,hud_messaging.obj,pass,,85,85,0
0xd6660,FUN_000d6660,stubbable,hud_messaging.obj,pass,,50,50,0
0xd6e50,FUN_000d6e50,stubbable,hud_messaging.obj,fail,divergence,0,50,0
0xd7080,FUN_000d7080,stubbable,hud_messaging.obj,pass,,50,50,0
0xd7240,FUN_000d7240,stubbable,hud_messaging.obj,pass,,50,50,0
0xd72f0,FUN_000d72f0,stubbable,hud_messaging.obj,pass,,50,50,0
0xd7330,FUN_000d7330,stubbable,hud_messaging.obj,pass,,50,50,0
0xd7420,FUN_000d7420,leaf,hud_messaging.obj,pass,,50,50,0
0xd7430,FUN_000d7430,leaf,hud_messaging.obj,pass,,50,50,0
0xd7440,FUN_000d7440,data_only,hud_messaging.obj,pass,,50,50,0
0xd7470,FUN_000d7470,data_only,hud_messaging.obj,pass,,50,50,0
0xd74a0,FUN_000d74a0,data_only,hud_messaging.obj,pass,,50,50,0
0xd74d0,FUN_000d74d0,data_only,hud_messaging.obj,pass,,50,50,0
0xd7500,FUN_000d7500,data_only,hud_messaging.obj,pass,,50,50,0
0xd7530,FUN_000d7530,data_only,hud_messaging.obj,pass,,50,50,0
0xd7800,FUN_000d7800,stubbable,hud_messaging.obj,fail,divergence,33,50,0
0xd7a20,FUN_000d7a20,stubbable,hud_messaging.obj,pass,,50,50,0
0xd7d10,FUN_000d7d10,stubbable,hud_messaging.obj,pass,,50,50,0
0xd7d40,FUN_000d7d40,stubbable,hud_messaging.obj,pass,,46,50,0
0xd8af0,hud_weapon_initialize,stubbable,hud_weapon.obj,pass,,50,50,0
0xd8b30,hud_weapon_initialize_for_new_map,stubbable,hud_weapon.obj,pass,,50,50,0
0xd8b70,hud_weapon_dispose_from_old_map,leaf,hud_weapon.obj,pass,,50,50,0
0xd8b80,hud_weapon_dispose,leaf,hud_weapon.obj,pass,,50,50,0
0xd8b90,FUN_000d8b90,data_only,hud_weapon.obj,pass,,50,50,0
0xd8ca0,FUN_000d8ca0,stubbable,hud_weapon.obj,pass,,50,50,0
0xd8cf0,FUN_000d8cf0,stubbable,hud_weapon.obj,pass,,50,50,0
0xd8fd0,FUN_000d8fd0,stubbable,hud_weapon.obj,pass,,50,50,0
0xd8ff0,FUN_000d8ff0,stubbable,hud_weapon.obj,pass,,50,50,0
0xce690,input_abstraction_dispose,stubbable,input_abstraction.obj,pass,,50,50,0
0xce6b0,input_abstraction_mark_time,stubbable,input_abstraction.obj,pass,,50,50,0
0xce9f0,input_abstraction_initialize,stubbable,input_abstraction.obj,error,timeout,0,0,0
0xcea90,input_abstraction_update,stubbable,input_abstraction.obj,pass,,50,50,0
0xce4b0,input_check_state_mode,stubbable,input_xbox.obj,error,emulation_error,0,50,0
0xce5c0,input_open_state_file,stubbable,input_xbox.obj,error,emulation_error,0,50,0
0xcf560,input_key_is_down,data_only,input_xbox.obj,pass,,50,50,0
0xcf620,input_get_buffered_key,data_only,input_xbox.obj,pass,,50,50,0
0xcf7e0,input_tick,stubbable,input_xbox.obj,pass,,50,50,0
0xcf830,input_get_device_states,stubbable,input_xbox.obj,error,emulation_error,0,50,0
0xcfd00,input_flush_rumble,stubbable,input_xbox.obj,pass,,50,50,0
0xcfdb0,input_update_keyboard_devices,stubbable,input_xbox.obj,error,emulation_error,0,50,0
0xd0120,input_update,stubbable,input_xbox.obj,error,emulation_error,0,50,0
0xd01c0,input_initialize,stubbable,input_xbox.obj,error,emulation_error,0,50,0
0xd0180,input_frame_begin,stubbable,input_xbox.obj,pass,,50,50,0
0xd0190,input_frame_end,data_only,input_xbox.obj,pass,,50,50,0
0xce500,FUN_000ce500,stubbable,input_xbox.obj,error,emulation_error,0,50,0
0xce530,FUN_000ce530,stubbable,input_xbox.obj,error,emulation_error,0,50,0
0xce590,input_recording_write_packet,stubbable,input_xbox.obj,error,emulation_error,0,50,0
0xce620,input_state_process_packet,data_only,input_xbox.obj,pass,,50,50,0
0xcf3e0,FUN_000cf3e0,leaf,input_xbox.obj,pass,,50,50,0
0xcf430,FUN_000cf430,leaf,input_xbox.obj,pass,,50,50,0
0xcf490,FUN_000cf490,stubbable,input_xbox.obj,pass,,50,50,0
0xcf690,FUN_000cf690,leaf,input_xbox.obj,pass,,50,50,1
0xd0030,input_get_raw_data_string,stubbable,input_xbox.obj,pass,,50,50,0
0xdec50,interface_initialize,stubbable,interface.obj,pass,,50,50,0
0xdec70,interface_dispose_from_old_map,stubbable,interface.obj,error,emulation_error,0,50,0
0xdec80,interface_dispose,stubbable,interface.obj,error,emulation_error,0,50,0
0xded20,interface_get_color,stubbable,interface.obj,pass,,31,50,0
0xdeda0,interface_draw_text,stubbable,interface.obj,pass,,34,50,0
0xdfea0,interface_initialize_for_new_map,stubbable,interface.obj,pass,,50,50,0
0xdfdc0,interface_draw_splitscreen_dividers,stubbable,interface.obj,pass,,50,50,0
0xf4ea0,FUN_000f4ea0,stubbable,items.obj,pass,,50,50,0
0xf52f0,FUN_000f52f0,leaf,items.obj,not_applicable,oracle_extract_failed,0,0,0
0xf53a0,virtual_keyboard_initialize,stubbable,items.obj,pass,,50,50,0
0xf5500,virtual_keyboard_set_validation,data_only,items.obj,pass,,50,50,0
0xf5700,FUN_000f5700,data_only,items.obj,error,emulation_error,0,50,0
0xf5750,FUN_000f5750,data_only,items.obj,error,emulation_error,0,50,0
0xf57a0,FUN_000f57a0,stubbable,items.obj,error,emulation_error,0,50,0
0xf5f30,FUN_000f5f30,stubbable,items.obj,error,emulation_error,0,50,0
0xf5fb0,FUN_000f5fb0,data_only,items.obj,pass,,50,50,0
0xf63f0,virtual_keyboard_process_input,stubbable,items.obj,not_applicable,oracle_truncated,0,0,0
0xf6740,items_dispose_from_old_map,data_only,items.obj,pass,,50,50,0
0xf6750,FUN_000f6750,stubbable,items.obj,pass,,50,50,0
0xf67b0,item_activate_equipment_effect,stubbable,items.obj,pass,,50,50,0
0xf67f0,FUN_000f67f0,stubbable,items.obj,pass,,50,50,0
0xf6820,item_new,stubbable,items.obj,error,timeout,0,0,0
0xf6860,item_begin_garbage_collection,stubbable,items.obj,pass,,50,50,0
0xf68b0,FUN_000f68b0,stubbable,items.obj,pass,,50,50,0
0xf6910,item_activate,stubbable,items.obj,pass,,50,50,0
0xf6970,dangerous_items_near_player,stubbable,items.obj,pass,,50,50,0
0xf69c0,item_attach_to_unit,stubbable,items.obj,pass,,50,50,0
0xf6a60,item_get_position_even_if_in_inventory,stubbable,items.obj,pass,,50,50,0
0xf6af0,item_detonate,stubbable,items.obj,pass,,50,50,0
0xf6b80,FUN_000f6b80,stubbable,items.obj,pass,,50,50,0
0xf6c40,valid_real_vector3d_axes3,stubbable,items.obj,pass,,50,50,0
0xf6d00,valid_real_matrix4x3,stubbable,items.obj,pass,,50,50,0
0xf6d60,item_set_position,stubbable,items.obj,pass,,50,50,0
0xe8db0,ui_widget_display_deferred_errors,stubbable,main.obj,pass,,50,50,0
0xffe10,FUN_000ffe10,stubbable,main.obj,pass,,50,50,0
0xffe30,FUN_000ffe30,stubbable,main.obj,pass,,50,50,0
0xffe50,FUN_000ffe50,stubbable,main.obj,pass,,50,50,0
0xffe70,FUN_000ffe70,stubbable,main.obj,pass,,50,50,0
0xffe90,FUN_000ffe90,stubbable,main.obj,pass,,50,50,0
0xfff70,set_game_connection,data_only,main.obj,pass,,50,50,0
0xfff80,game_connection,data_only,main.obj,pass,,50,50,0
0xfff90,main_disallow_persistent_storage,data_only,main.obj,pass,,50,50,0
0xfffa0,main_set_map_name,stubbable,main.obj,pass,,50,50,0
0x100000,main_defer_map_map_change,data_only,main.obj,pass,,50,50,0
0x100010,main_set_multiplayer_map_name,stubbable,main.obj,pass,,50,50,0
0x100040,main_get_map_name,data_only,main.obj,pass,,50,50,0
0x100050,main_get_multiplayer_map_name,data_only,main.obj,pass,,50,50,0
0x100060,main_set_difficulty,data_only,main.obj,pass,,50,50,0
0x100080,main_get_difficulty,data_only,main.obj,pass,,50,50,0
0x1002a0,main_reset_map,data_only,main.obj,pass,,50,50,0
0x1002c0,main_revert_map,data_only,main.obj,pass,,50,50,0
0x1002e0,main_skip_cinematic,data_only,main.obj,pass,,50,50,0
0x100300,main_save_map_nonsafe,data_only,main.obj,pass,,50,50,0
0x100310,main_saving_map,data_only,main.obj,pass,,50,50,0
0x100320,main_save_cancel,data_only,main.obj,pass,,50,50,0
0x100330,main_save_map_safe,data_only,main.obj,pass,,50,50,0
0x100370,main_won_map,data_only,main.obj,pass,,50,50,0
0x100380,FUN_00100380,data_only,main.obj,pass,,50,50,0
0x100390,main_respawn,data_only,main.obj,pass,,50,50,0
0x1003b0,main_save_core,stubbable,main.obj,pass,,50,50,0
0x1003d0,main_save_core_name,stubbable,main.obj,pass,,50,50,0
0x100420,main_load_core,stubbable,main.obj,pass,,50,50,0
0x100440,main_load_core_at_startup,stubbable,main.obj,pass,,50,50,0
0x100460,main_load_core_name,stubbable,main.obj,pass,,50,50,0
0x1004b0,main_load_core_name_at_startup,stubbable,main.obj,pass,,50,50,0
0x100500,main_switch_structure_bsp,stubbable,main.obj,pass,,50,50,0
0x1005d0,main_precache_map_tick,stubbable,main.obj,pass,,50,50,0
0x100620,main_goto_main_menu,data_only,main.obj,pass,,50,50,0
0x100690,main_menu_unload,stubbable,main.obj,pass,,50,50,0
0x1006b0,main_reset_player_actions,stubbable,main.obj,pass,,50,50,0
0x1006c0,main_change_map_name_in_progress,data_only,main.obj,pass,,50,50,0
0x1006d0,main_menu_switch_to_single_player,data_only,main.obj,pass,,50,50,0
0x1006e0,main_set_game_connection_to_film_playback,data_only,main.obj,pass,,50,50,0
0x1006f0,main_get_solo_level_from_name,stubbable,main.obj,fail,divergence,0,50,0
0x100860,main_get_current_solo_level,data_only,main.obj,pass,,50,50,0
0x100870,main_get_solo_level_name,data_only,main.obj,pass,,50,50,0
0x100890,main_run_demos,data_only,main.obj,pass,,50,50,0
0x1008a0,compute_split_screen_grid,stubbable,main.obj,pass,,42,50,0
0x101970,main_rasterizer_throttle,data_only,main.obj,pass,,50,50,0
0x101bc0,main_movie_start,stubbable,main.obj,pass,,50,50,0
0x101c90,main_lost_map,data_only,main.obj,pass,,50,50,0
0x101ca0,main_start_time,data_only,main.obj,pass,,50,50,0
0x101cb0,main_crash,data_only,main.obj,pass,,50,50,0
0x101cc0,main_print_version,data_only,main.obj,pass,,50,50,0
0x101d90,main_save_current_solo_map,stubbable,main.obj,pass,,50,50,0
0xe0500,xbox_demos_launch,stubbable,marketing_and_strategic_business_development.obj,pass,,50,50,0
0xe0430,xbox_demos_available,stubbable,marketing_and_strategic_business_development.obj,pass,,50,50,0
0xe04a0,clean_up_for_image_launch,stubbable,marketing_and_strategic_business_development.obj,pass,,50,50,0
0xe0570,FUN_000e0570,stubbable,marketing_and_strategic_business_development.obj,pass,,50,50,0
0x129130,FUN_00129130,stubbable,network_game_globals.obj,pass,,90,90,0
0x129cf0,FUN_00129cf0,stubbable,network_game_globals.obj,fail,divergence,79,90,0
0x12a000,network_game_in_progress,data_only,network_game_globals.obj,pass,,50,50,0
0x12a160,network_game_accept_remote_connections,data_only,network_game_globals.obj,pass,,50,50,0
0x12a170,network_game_is_splitscreen_local,data_only,network_game_globals.obj,pass,,50,50,0
0x12a1d0,network_game_server_get,data_only,network_game_globals.obj,pass,,50,50,0
0x12a240,network_game_client_get,data_only,network_game_globals.obj,pass,,50,50,0
0x12a780,network_game_abort,data_only,network_game_globals.obj,pass,,50,50,0
0x129980,FUN_00129980,leaf,network_game_globals.obj,pass,,90,90,0
0x12a020,network_game_set_number_of_games_played,stubbable,network_game_globals.obj,pass,,50,50,0
0x12a060,network_game_set_random_seed,stubbable,network_game_globals.obj,pass,,50,50,0
0x12a0a0,FUN_0012a0a0,stubbable,network_game_globals.obj,pass,,50,50,0
0x12a0d0,network_game_player_is_local,data_only,network_game_globals.obj,pass,,50,50,0
0x12a150,network_game_set_accept_remote_connections,data_only,network_game_globals.obj,pass,,50,50,0
0x12a190,FUN_0012a190,data_only,network_game_globals.obj,pass,,50,50,0
0x12a1a0,FUN_0012a1a0,data_only,network_game_globals.obj,pass,,50,50,0
0x12a250,FUN_0012a250,stubbable,network_game_globals.obj,pass,,50,50,0
0x12a690,network_game_client_get_local_machine_index,data_only,network_game_globals.obj,pass,,50,50,0
0x12a6c0,network_game_client_local_player_quit,data_only,network_game_globals.obj,pass,,50,50,0
0x12a790,network_game_client_all_local_players_have_quit,data_only,network_game_globals.obj,pass,,50,50,0
0x12a7a0,FUN_0012a7a0,stubbable,network_game_globals.obj,pass,,50,50,0
0x12a830,network_game_get_number_of_games_played,stubbable,network_game_globals.obj,pass,,50,50,0
0x12a890,FUN_0012a890,stubbable,network_game_globals.obj,error,emulation_error,0,50,0
0x12a920,network_player_reset,stubbable,network_game_globals.obj,pass,,50,50,0
0x124a30,network_game_client_get_state,stubbable,network_client_manager.obj,pass,,50,50,0
0x124c40,FUN_00124c40,stubbable,network_client_manager.obj,pass,,50,50,0
0x124cc0,FUN_00124cc0,stubbable,network_client_manager.obj,pass,,50,50,0
0x125710,network_game_client_get_seconds_to_game_start,stubbable,network_client_manager.obj,pass,,50,50,0
0x125750,network_game_client_switch_to_postgame,stubbable,network_client_manager.obj,pass,,50,50,0
0x1257a0,network_game_client_get_machine_index,stubbable,network_client_manager.obj,pass,,50,50,0
0x1257e0,network_game_client_get_available_games,stubbable,network_client_manager.obj,pass,,50,50,0
0x125820,network_game_client_get_error,stubbable,network_client_manager.obj,pass,,50,50,0
0x125860,network_client_get_oos,stubbable,network_client_manager.obj,pass,,50,50,0
0x126000,FUN_00126000,stubbable,network_client_manager.obj,pass,,50,50,0
0x126b60,FUN_00126b60,stubbable,network_client_manager.obj,pass,,50,50,0
0x126ce0,FUN_00126ce0,stubbable,network_client_manager.obj,pass,,50,50,0
0x126db0,FUN_00126db0,stubbable,network_client_manager.obj,pass,,50,50,0
0x126f40,network_game_client_idle,stubbable,network_client_manager.obj,pass,,50,50,0
0x127070,FUN_00127070,stubbable,network_client_manager.obj,error,emulation_error,0,50,0
0x124c10,network_game_client_get_machine,leaf,network_client_manager.obj,pass,,50,50,1
0x124d50,network_game_client_address_matches_server,stubbable,network_client_manager.obj,pass,,50,50,0
0x124e20,network_game_client_game_out_of_sync,stubbable,network_client_manager.obj,pass,,50,50,0
0x125610,network_client_switch_to_postgame,stubbable,network_client_manager.obj,pass,,50,50,0
0x127ea0,FUN_00127ea0,leaf,network_client_message_handler.obj,pass,,50,50,0
0x1277f0,FUN_001277f0,stubbable,network_client_message_handler.obj,pass,,88,90,0
0x1278d0,FUN_001278d0,stubbable,network_client_message_handler.obj,pass,,89,90,0
0x1279a0,FUN_001279a0,stubbable,network_client_message_handler.obj,pass,,89,90,0
0x127a50,FUN_00127a50,stubbable,network_client_message_handler.obj,fail,divergence,87,90,0
0x127b10,FUN_00127b10,stubbable,network_client_message_handler.obj,fail,divergence,88,90,0
0x127bd0,FUN_00127bd0,stubbable,network_client_message_handler.obj,fail,divergence,87,90,0
0x127c90,FUN_00127c90,stubbable,network_client_message_handler.obj,pass,,89,90,0
0x127d30,FUN_00127d30,stubbable,network_client_message_handler.obj,pass,,89,90,0
0x127df0,FUN_00127df0,stubbable,network_client_message_handler.obj,pass,,89,90,0
0x11a230,FUN_0011a230,stubbable,network_messages.obj,pass,,49,50,0
0x11a2d0,FUN_0011a2d0,stubbable,network_messages.obj,pass,,50,50,0
0x11a6d0,FUN_0011a6d0,leaf,network_messages.obj,pass,,50,50,0
0x11a700,FUN_0011a700,stubbable,network_messages.obj,pass,,20,50,0
0x11a8e0,FUN_0011a8e0,leaf,network_messages.obj,pass,,49,50,1
0x11aa40,FUN_0011aa40,stubbable,network_messages.obj,pass,,90,90,0
0x11b650,FUN_0011b650,stubbable,network_messages.obj,fail,divergence,53,90,0
0x11b750,FUN_0011b750,stubbable,network_messages.obj,fail,divergence,27,50,0
0x11b850,hashtable_new,stubbable,network_messages.obj,pass,,50,50,0
0x11b950,hashtable_set_user_data,leaf,network_messages.obj,pass,,50,50,1
0x11b960,hashtable_dispose,data_only,network_messages.obj,pass,,50,50,0
0x11bb70,FUN_0011bb70,data_only,network_messages.obj,pass,,50,50,0
0x11bc20,FUN_0011bc20,data_only,network_messages.obj,pass,,50,50,0
0x11beb0,FUN_0011beb0,data_only,network_messages.obj,pass,,50,50,0
0x11c0f0,FUN_0011c0f0,data_only,network_messages.obj,pass,,50,50,0
0x11c1b0,FUN_0011c1b0,leaf,network_messages.obj,pass,,50,50,1
0x11c1d0,FUN_0011c1d0,leaf,network_messages.obj,pass,,50,50,1
0x11c1e0,FUN_0011c1e0,leaf,network_messages.obj,pass,,50,50,1
0x11c290,FUN_0011c290,stubbable,network_messages.obj,pass,,50,50,0
0x11c310,FUN_0011c310,stubbable,network_messages.obj,pass,,50,50,0
0x11c430,FUN_0011c430,stubbable,network_messages.obj,pass,,26,50,0
0x11c480,FUN_0011c480,leaf,network_messages.obj,pass,,50,50,0
0x11c4d0,FUN_0011c4d0,stubbable,network_messages.obj,pass,,90,90,0
0x12b640,initialize_network_game_packets,data_only,network_messages.obj,pass,,50,50,0
0x12b700,encode_network_game_message,stubbable,network_messages.obj,not_applicable,oracle_truncated,0,0,0
0x12c060,network_game_server_open_game,stubbable,network_server_manager.obj,pass,,90,90,0
0x12c0b0,network_game_server_close_game,stubbable,network_server_manager.obj,pass,,90,90,0
0x12c1c0,FUN_0012c1c0,stubbable,network_server_manager.obj,pass,,75,75,0
0x12c290,FUN_0012c290,stubbable,network_server_manager.obj,fail,divergence,8,90,0
0x12c370,network_server_manager_game_over,stubbable,network_server_manager.obj,pass,,49,50,0
0x12c500,network_game_server_client_machine_is_joined_to_game,stubbable,network_server_manager.obj,pass,,50,50,0
0x12caa0,network_game_server_all_machines_have_loaded,stubbable,network_server_manager.obj,pass,,50,50,0
0x12d150,server_has_enough_machines,stubbable,network_server_manager.obj,pass,,50,50,0
0x12d3b0,network_game_server_adjust_machine_settings,leaf,network_server_manager.obj,pass,,50,50,1
0x12d570,network_game_server_get_game,stubbable,network_server_manager.obj,pass,,50,50,0
0x12d9f0,FUN_0012d9f0,stubbable,network_server_manager.obj,pass,,90,90,0
0x12db60,FUN_0012db60,stubbable,network_server_manager.obj,pass,,34,50,0
0x12dd20,FUN_0012dd20,stubbable,network_server_manager.obj,pass,,50,50,0
0x12de20,FUN_0012de20,stubbable,network_server_manager.obj,error,emulation_error,0,50,0
0x12df50,FUN_0012df50,stubbable,network_server_manager.obj,fail,divergence,49,50,0
0x12e090,FUN_0012e090,stubbable,network_server_manager.obj,fail,divergence,1,50,0
0x12ea00,network_game_client_dispose,stubbable,network_server_manager.obj,fail,divergence,0,50,0
0x12bdb0,countdown_timer_get_time_remaining,stubbable,network_server_manager.obj,pass,,50,50,0
0x12bd80,countdown_timer_update,stubbable,network_server_manager.obj,pass,,50,50,0
0x12be10,countdown_timer_increment,stubbable,network_server_manager.obj,fail,divergence,48,50,0
0x12bea0,countdown_timer_decrement,stubbable,network_server_manager.obj,pass,,50,50,0
0x12bf30,countdown_timer_set_time_remaining,stubbable,network_server_manager.obj,pass,,50,50,0
0x12bf70,network_game_server_set_game_name,stubbable,network_server_manager.obj,pass,,50,50,0
0x12bfe0,network_game_server_get_game_name,stubbable,network_server_manager.obj,pass,,50,50,0
0x12c020,network_game_server_get_state,stubbable,network_server_manager.obj,pass,,50,50,0
0x12c7e0,network_game_server_add_player_to_game,stubbable,network_server_manager.obj,pass,,86,90,0
0x12c920,network_game_server_remove_player_from_game,stubbable,network_server_manager.obj,pass,,50,50,0
0x12cb20,network_game_server_client_machine_game_loading_completed,stubbable,network_server_manager.obj,fail,divergence,18,50,0
0x12cbe0,network_game_server_client_machine_is_precached,stubbable,network_server_manager.obj,pass,,50,50,0
0x12cc10,network_game_server_handle_client_update_packet,stubbable,network_server_manager.obj,pass,,90,90,0
0x12d210,network_game_server_invalidate_network_machine,stubbable,network_server_manager.obj,pass,,50,50,0
0x12d250,network_game_generate_join_game_token,stubbable,network_server_manager.obj,pass,,50,50,0
0x12d380,network_game_server_get_connection,stubbable,network_server_manager.obj,pass,,50,50,0
0x12d5b0,FUN_0012d5b0,leaf,network_server_manager.obj,pass,,50,50,0
0x12d640,network_game_server_game_can_start,stubbable,network_server_manager.obj,pass,,50,50,0
0x12d690,network_game_server_pause_countdown,stubbable,network_server_manager.obj,pass,,50,50,0
0x12e1d0,network_game_server_stalled_on_client,stubbable,network_server_manager.obj,fail,divergence,18,50,0
0x12f3d0,FUN_0012f3d0,stubbable,network_server_manager.obj,pass,,50,50,0
0x84a10,real_vector3d_valid,leaf,objects.obj,pass,,50,50,0
0x84a70,valid_real_normal3d_perpendicular,stubbable,objects.obj,pass,,50,50,0
0x84ae0,FUN_00084ae0,data_only,objects.obj,pass,,24,50,0
0x84fe0,FUN_00084fe0,data_only,objects.obj,not_applicable,lifted_extract_failed,0,0,0
0x85000,FUN_00085000,stubbable,objects.obj,pass,,50,50,0
0x850d0,FUN_000850d0,data_only,objects.obj,not_applicable,lifted_extract_failed,0,0,0
0x85110,FUN_00085110,data_only,objects.obj,pass,,50,50,0
0x85150,FUN_00085150,data_only,objects.obj,not_applicable,lifted_extract_failed,0,0,0
0x85180,FUN_00085180,stubbable,objects.obj,pass,,50,50,0
0x85280,FUN_00085280,data_only,objects.obj,pass,,50,50,0
0x85350,FUN_00085350,leaf,objects.obj,pass,,50,50,0
0x853a0,FUN_000853a0,stubbable,objects.obj,pass,,50,50,0
0x853c0,FUN_000853c0,stubbable,objects.obj,error,emulation_error,0,50,0
0x9eb40,FUN_0009eb40,data_only,objects.obj,pass,,50,50,0
0xae0a0,FUN_000ae0a0,stubbable,objects.obj,pass,,50,50,0
0xae110,FUN_000ae110,stubbable,objects.obj,error,emulation_error,0,50,0
0xae250,FUN_000ae250,stubbable,objects.obj,pass,,50,50,0
0x134ae0,FUN_00134ae0,stubbable,objects.obj,pass,,50,50,0
0x134be0,FUN_00134be0,stubbable,objects.obj,pass,,50,50,0
0x134c20,FUN_00134c20,stubbable,objects.obj,pass,,50,50,0
0x134c40,FUN_00134c40,stubbable,objects.obj,pass,,50,50,0
0x135210,FUN_00135210,stubbable,objects.obj,pass,,50,50,0
0x1353b0,FUN_001353b0,stubbable,objects.obj,pass,,50,50,0
0x1353f0,FUN_001353f0,stubbable,objects.obj,pass,,50,50,0
0x135420,lightning_offset_marker_position,stubbable,objects.obj,not_applicable,lifted_extract_failed,0,0,0
0x135f90,FUN_00135f90,stubbable,objects.obj,pass,,50,50,0
0x136040,FUN_00136040,stubbable,objects.obj,pass,,50,50,0
0x1360a0,FUN_001360a0,data_only,objects.obj,pass,,50,50,0
0x136100,FUN_00136100,data_only,objects.obj,pass,,50,50,0
0x1362d0,FUN_001362d0,leaf,objects.obj,fail,divergence,0,50,0
0x1365d0,FUN_001365d0,stubbable,objects.obj,fail,divergence,0,50,0
0x1366b0,FUN_001366b0,stubbable,objects.obj,fail,divergence,0,50,0
0x1396e0,object_wake,stubbable,objects.obj,pass,,50,50,0
0x1397f0,FUN_001397f0,data_only,objects.obj,pass,,50,50,0
0x1398b0,FUN_001398b0,stubbable,objects.obj,pass,,50,50,0
0x1398d0,FUN_001398d0,stubbable,objects.obj,pass,,50,50,0
0x139930,FUN_00139930,stubbable,objects.obj,pass,,50,50,0
0x139990,FUN_00139990,stubbable,objects.obj,pass,,50,50,0
0x139a30,FUN_00139a30,stubbable,objects.obj,pass,,50,50,0
0x139b40,FUN_00139b40,data_only,objects.obj,pass,,50,50,0
0x139c20,FUN_00139c20,stubbable,objects.obj,pass,,50,50,0
0x139e50,FUN_00139e50,stubbable,objects.obj,fail,divergence,23,50,0
0x13a250,FUN_0013a250,stubbable,objects.obj,pass,,50,50,0
0x13a340,FUN_0013a340,stubbable,objects.obj,pass,,50,50,0
0x13a420,FUN_0013a420,stubbable,objects.obj,pass,,50,50,0
0x13a5f0,FUN_0013a5f0,stubbable,objects.obj,pass,,50,50,0
0x13aa10,FUN_0013aa10,stubbable,objects.obj,error,timeout,0,0,0
0x13ab20,FUN_0013ab20,stubbable,objects.obj,fail,divergence,0,50,0
0x13b150,FUN_0013b150,stubbable,objects.obj,pass,,50,50,0
0x13b1b0,FUN_0013b1b0,stubbable,objects.obj,pass,,50,50,0
0x13b290,FUN_0013b290,stubbable,objects.obj,pass,,50,50,0
0x13b380,FUN_0013b380,stubbable,objects.obj,error,emulation_error,0,50,0
0x13bce0,FUN_0013bce0,stubbable,objects.obj,fail,divergence,0,50,0
0x13c030,FUN_0013c030,leaf,objects.obj,error,timeout,0,0,0
0x13c080,FUN_0013c080,stubbable,objects.obj,error,timeout,0,0,0
0x13c2e0,FUN_0013c2e0,data_only,objects.obj,pass,,50,50,0
0x13c3a0,FUN_0013c3a0,data_only,objects.obj,pass,,50,50,0
0x13c3d0,FUN_0013c3d0,data_only,objects.obj,pass,,50,50,0
0x13c400,FUN_0013c400,data_only,objects.obj,pass,,50,50,0
0x13ca30,FUN_0013ca30,stubbable,objects.obj,pass,,50,50,0
0x13cab0,FUN_0013cab0,stubbable,objects.obj,pass,,50,50,0
0x13cb80,FUN_0013cb80,stubbable,objects.obj,pass,,50,50,0
0x13cdd0,FUN_0013cdd0,stubbable,objects.obj,pass,,50,50,0
0x13d570,cluster_get_first_noncollideable_object,stubbable,objects.obj,pass,,50,50,0
0x13d590,cluster_get_next_noncollideable_object,stubbable,objects.obj,pass,,50,50,0
0x13d5b0,cluster_partition_object_iter_first,stubbable,objects.obj,pass,,50,50,0
0x13d5d0,cluster_partition_object_iter_next,stubbable,objects.obj,pass,,50,50,0
0x13d5f0,FUN_0013d5f0,stubbable,objects.obj,error,emulation_error,0,50,0
0x13d6f0,object_iterator_new,stubbable,objects.obj,pass,,50,50,0
0x13d870,FUN_0013d870,leaf,objects.obj,pass,,50,50,1
0x13d880,object_name_list_set_handle,stubbable,objects.obj,pass,,50,50,0
0x13d8b0,FUN_0013d8b0,stubbable,objects.obj,pass,,50,50,0
0x13d920,object_set_garbage_flag,data_only,objects.obj,fail,divergence,0,50,0
0x13db50,garbage_collect_now,data_only,objects.obj,pass,,50,50,0
0x13db60,objects_information_get,stubbable,objects.obj,pass,,50,50,0
0x13dbe0,FUN_0013dbe0,data_only,objects.obj,pass,,50,50,0
0x13dc10,FUN_0013dc10,data_only,objects.obj,pass,,50,50,0
0x13dcb0,FUN_0013dcb0,data_only,objects.obj,pass,,50,50,0
0x13dda0,object_definition_predict,stubbable,objects.obj,pass,,50,50,0
0x13df70,object_postprocess_node_matrices,stubbable,objects.obj,pass,,50,50,0
0x13e050,object_header_block_allocate,stubbable,objects.obj,pass,,50,50,0
0x13e1f0,object_choose_random_change_colors,stubbable,objects.obj,pass,,50,50,0
0x13e3f0,object_find_region_permutations_available_with_variant,leaf,objects.obj,pass,,30,50,0
0x13e460,object_determine_variant_number,leaf,objects.obj,fail,divergence,0,50,0
0x13e510,object_child_list_remove,leaf,objects.obj,error,timeout,0,0,0
0x13e5d0,object_compute_change_colors,stubbable,objects.obj,fail,divergence,0,50,0
0x13e7b0,object_compute_function_values,stubbable,objects.obj,pass,,50,50,0
0x13ebc0,object_marker_end,stubbable,objects.obj,pass,,50,50,0
0x13ec00,object_markers_need_update,stubbable,objects.obj,fail,divergence,0,50,0
0x13ecb0,attachments_new,stubbable,objects.obj,fail,divergence,0,50,0
0x13f060,objects_place,stubbable,objects.obj,pass,,50,50,0
0x13f120,find_objects_from_point_vector,stubbable,objects.obj,pass,,50,50,0
0x13f380,sort_dumps,leaf,objects.obj,pass,,50,50,0
0x13f3b0,object_add_to_dump,stubbable,objects.obj,error,timeout,0,0,0
0x13f440,object_dump_write,stubbable,objects.obj,pass,,50,50,0
0x13f4b0,objects_dump_memory,stubbable,objects.obj,pass,,50,50,0
0x13f810,objects_initialize,stubbable,objects.obj,pass,,50,50,0
0x13f9f0,objects_dispose_from_old_map,stubbable,objects.obj,pass,,50,50,0
0x13fc20,object_placement_data_new,stubbable,objects.obj,pass,,50,50,0
0x13fd00,object_disconnect_from_map,stubbable,objects.obj,pass,,50,50,0
0x140420,object_find_in_cluster,leaf,objects.obj,pass,,50,50,0
0x140720,object_name_list_get_handle,data_only,objects.obj,pass,,50,50,0
0x140750,FUN_00140750,stubbable,objects.obj,pass,,50,50,0
0x1409d0,object_pvs_activate,data_only,objects.obj,pass,,50,50,0
0x140a00,object_select_random_region_permutations_by_variant,leaf,objects.obj,fail,divergence,0,50,0
0x140bc0,object_delete_internal,stubbable,objects.obj,error,timeout,0,0,0
0x140f10,object_get_markers_by_string_id,stubbable,objects.obj,fail,divergence,0,50,0
0x141020,object_compute_child_marker_position,stubbable,objects.obj,error,emulation_error,0,50,0
0x1411c0,object_detach_from_parent,stubbable,objects.obj,fail,divergence,0,50,0
0x141480,object_get_world_matrix,stubbable,objects.obj,error,timeout,0,0,0
0x1414e0,FUN_001414e0,stubbable,objects.obj,fail,divergence,0,50,0
0x1415f0,object_find_in_radius,stubbable,objects.obj,pass,,50,50,0
0x1417c0,objects_reconnect_to_structure_bsp,stubbable,objects.obj,pass,,50,50,0
0x141900,FUN_00141900,stubbable,objects.obj,pass,,50,50,0
0x143550,FUN_00143550,stubbable,objects.obj,fail,divergence,0,50,0
0x143ae0,object_set_position,leaf,objects.obj,fail,divergence,0,50,0
0x1446a0,object_update_children_recursive,leaf,objects.obj,not_applicable,oracle_truncated,0,0,0
0x144770,object_new_from_scenario,data_only,objects.obj,pass,,50,50,0
0x144940,object_new_by_name,stubbable,objects.obj,pass,,50,50,0
0x144b50,objects_garbage_collect_tick,stubbable,objects.obj,pass,,50,50,0
0x145490,FUN_00145490,stubbable,objects.obj,pass,,50,50,0
0x1a9520,FUN_001a9520,stubbable,objects.obj,pass,,50,50,0
0x8c150,FUN_0008c150,stubbable,observer.obj,pass,,50,50,0
0x8c440,FUN_0008c440,leaf,observer.obj,error,emulation_error,0,50,0
0x9f6c0,particle_systems_initialize_for_new_map,stubbable,particle_systems.obj,pass,,50,50,0
0x9f7c0,particle_systems_dispose,leaf,particle_systems.obj,pass,,50,50,0
0x9f920,FUN_0009f920,leaf,particle_systems.obj,pass,,50,50,0
0x9f9d0,FUN_0009f9d0,leaf,particle_systems.obj,pass,,50,50,0
0x9fcd0,particle_systems_dispose_from_old_map,stubbable,particle_systems.obj,pass,,50,50,0
0xa0080,FUN_000a0080,stubbable,particle_systems.obj,pass,,50,50,0
0xa0180,FUN_000a0180,stubbable,particle_systems.obj,pass,,50,50,0
0xa0fd0,FUN_000a0fd0,stubbable,particle_systems.obj,pass,,50,50,0
0xa10f0,particle_systems_update,data_only,particle_systems.obj,pass,,50,50,0
0x9f570,FUN_0009f570,stubbable,particle_systems.obj,pass,,50,50,0
0x9f7e0,particle_systems_reconnect_to_structure_bsp,stubbable,particle_systems.obj,pass,,50,50,0
0x9fa60,FUN_0009fa60,stubbable,particle_systems.obj,pass,,50,50,0
0x9fad0,FUN_0009fad0,leaf,particle_systems.obj,pass,,50,50,1
0x9fb10,FUN_0009fb10,stubbable,particle_systems.obj,pass,,50,50,0
0xa0800,FUN_000a0800,stubbable,particle_systems.obj,pass,,50,50,0
0xa0d50,FUN_000a0d50,stubbable,particle_systems.obj,pass,,50,50,0
0xa0e60,FUN_000a0e60,stubbable,particle_systems.obj,pass,,50,50,0
0xa1170,particle_system_update,data_only,particle_systems.obj,pass,,50,50,0
0xa1210,FUN_000a1210,stubbable,particles.obj,pass,,50,50,0
0xa1480,particles_initialize,stubbable,particles.obj,pass,,50,50,0
0xa14b0,particles_initialize_for_new_map,stubbable,particles.obj,pass,,50,50,0
0xa14c0,particles_dispose_from_old_map,stubbable,particles.obj,pass,,50,50,0
0xa14d0,particles_dispose,data_only,particles.obj,pass,,50,50,0
0xa16b0,valid_real_point3d,leaf,particles.obj,pass,,50,50,0
0xa2570,particles_update,stubbable,particles.obj,pass,,50,50,0
0xa1670,particle_get_radius,stubbable,particles.obj,pass,,50,50,0
0xa1710,valid_real_argb_color,stubbable,particles.obj,pass,,50,50,0
0xa1910,FUN_000a1910,stubbable,particles.obj,error,emulation_error,0,50,0
0xa1770,FUN_000a1770,stubbable,particles.obj,pass,,90,90,0
0xa18c0,FUN_000a18c0,stubbable,particles.obj,pass,,50,50,0
0xa1510,FUN_000a1510,stubbable,particles.obj,pass,,50,50,0
0xa12e0,FUN_000a12e0,stubbable,particles.obj,pass,,50,50,0
0xa14f0,particle_delete,stubbable,particles.obj,pass,,50,50,0
0xa1a90,FUN_000a1a90,stubbable,particles.obj,pass,,48,50,0
0xa1c30,FUN_000a1c30,stubbable,particles.obj,error,emulation_error,0,50,0
0xa1590,FUN_000a1590,stubbable,particles.obj,pass,,50,50,0
0x1bdb70,physical_memory_allocate,stubbable,physical_memory_map.obj,pass,,50,50,0
0x1bdc60,physical_memory_map_verify,data_only,physical_memory_map.obj,pass,,50,50,0
0xb63f0,player_control_dispose,leaf,player_control.obj,pass,,50,50,0
0xb8c70,player_control_update,stubbable,player_control.obj,pass,,50,50,0
0xb6a20,player_clear_aim_assist,stubbable,player_control.obj,pass,,50,50,0
0xb7f40,player_control_set_unit_seat,stubbable,player_control.obj,pass,,50,50,0
0xb6990,unit_get_local_player_index,stubbable,player_control.obj,pass,,50,50,0
0xb63d0,player_control_initialize,stubbable,player_control.obj,pass,,50,50,0
0xb6430,scripted_player_control_set_camera_control,data_only,player_control.obj,pass,,50,50,0
0xb64c0,evaluate_piecewise_linear_function,data_only,player_control.obj,pass,,50,50,0
0xb65c0,player_control_get_aiming_unit_index,leaf,player_control.obj,pass,,50,50,0
0xb6620,player_control_get_target_object_index,leaf,player_control.obj,pass,,50,50,0
0xb6690,player_control_get_field_of_view,leaf,player_control.obj,pass,,50,50,0
0xb6740,player_control_get_unit_camera_info,stubbable,player_control.obj,pass,,50,50,0
0xb6870,player_control_get_unit_index,leaf,player_control.obj,pass,,50,50,0
0xb68c0,player_control_get_desired_weapon,leaf,player_control.obj,pass,,50,50,0
0xb6940,player_control_get_autoaim_level,leaf,player_control.obj,pass,,50,50,0
0xb69d0,players_unzoom_all,leaf,player_control.obj,pass,,50,50,0
0xb6a90,player_control_action_test_reset,data_only,player_control.obj,pass,,50,50,0
0xb6ab0,player_control_action_test_accept,data_only,player_control.obj,pass,,50,50,0
0xb6ad0,player_control_action_test_back,data_only,player_control.obj,pass,,50,50,0
0xb6af0,player_control_action_test_action,data_only,player_control.obj,pass,,50,50,0
0xb6b10,player_control_action_test_jump,data_only,player_control.obj,pass,,50,50,0
0xb6b20,player_control_action_test_primary_trigger,data_only,player_control.obj,pass,,50,50,0
0xb6b30,player_control_action_test_grenade_trigger,data_only,player_control.obj,pass,,50,50,0
0xb6b40,player_control_action_test_zoom,data_only,player_control.obj,pass,,50,50,0
0xb6b50,player_control_action_test_move_relative_all_directions,data_only,player_control.obj,pass,,50,50,0
0xb6b70,player_control_action_test_look_relative_all_directions,data_only,player_control.obj,pass,,50,50,0
0xb6b90,player_control_action_test_look_relative_left,data_only,player_control.obj,pass,,50,50,0
0xb6ba0,player_control_action_test_look_relative_right,data_only,player_control.obj,pass,,50,50,0
0xb6bb0,player_control_action_test_look_relative_up,data_only,player_control.obj,pass,,50,50,0
0xb6bc0,player_control_action_test_look_relative_down,data_only,player_control.obj,pass,,50,50,0
0xb6bd0,FUN_000b6bd0,stubbable,player_control.obj,pass,,50,50,0
0xb6dd0,FUN_000b6dd0,data_only,player_control.obj,pass,,50,50,0
0xb6e10,limit2d,leaf,player_control.obj,pass,,50,50,0
0xb6e60,interpolate_scalar,leaf,player_control.obj,pass,,50,50,0
0xb7f10,player_control_get_facing_direction,stubbable,player_control.obj,pass,,35,50,0
0xa2700,player_effect_initialize,stubbable,player_effects.obj,pass,,50,50,0
0xa2740,player_effect_dispose,leaf,player_effects.obj,pass,,50,50,0
0xa2750,player_effect_initialize_for_new_map,stubbable,player_effects.obj,pass,,50,50,0
0xa2790,player_effect_dispose_from_old_map,leaf,player_effects.obj,pass,,50,50,0
0xa2ca0,player_effect_update,stubbable,player_effects.obj,pass,,90,90,0
0xa2e80,player_effect_apply,stubbable,player_effects.obj,pass,,50,50,0
0xb8d30,update_server_add_player,stubbable,player_queues_new.obj,pass,,50,50,0
0xb8d70,update_client_new,stubbable,player_queues_new.obj,error,emulation_error,0,50,0
0xb8e40,update_client_start,stubbable,player_queues_new.obj,pass,,50,50,0
0xb8f90,update_get_maximum_actions,data_only,player_queues_new.obj,pass,,50,50,0
0xb8fa0,update_client_build_client_update,data_only,player_queues_new.obj,pass,,50,50,0
0xb9040,update_get_buffer_entry,stubbable,player_queues_new.obj,pass,,50,50,0
0xb90d0,update_server_new,stubbable,player_queues_new.obj,error,emulation_error,0,50,0
0xb9150,update_server_delete,stubbable,player_queues_new.obj,pass,,50,50,0
0xb91b0,update_server_start,stubbable,player_queues_new.obj,pass,,50,50,0
0xb9270,update_server_get_update,stubbable,player_queues_new.obj,pass,,50,50,0
0xb9340,player_control_get_current_actions,stubbable,player_queues_new.obj,pass,,50,50,0
0xb9610,update_get_game_time,data_only,player_queues_new.obj,pass,,50,50,0
0xb9660,update_server_apply_actions,stubbable,player_queues_new.obj,error,emulation_error,0,50,0
0xb9990,update_server_create_snapshot,stubbable,player_queues_new.obj,pass,,50,50,0
0xb9a70,update_client_apply_actions,stubbable,player_queues_new.obj,pass,,50,50,0
0xb8f00,update_client_add_player,stubbable,player_queues_new.obj,pass,,50,50,0
0xb8f40,update_client_queue,data_only,player_queues_new.obj,pass,,50,50,0
0xb8f70,update_client_queue_push,stubbable,player_queues_new.obj,pass,,50,50,0
0xb8ff0,player_new_queue,stubbable,player_queues_new.obj,pass,,50,50,0
0xb97b0,FUN_000b97b0,stubbable,player_queues_new.obj,pass,,50,50,0
0xb9b30,rumble_initialize,stubbable,player_rumble.obj,pass,,50,50,0
0xb9b50,rumble_dispose,leaf,player_rumble.obj,pass,,50,50,0
0xb9b60,rumble_initialize_for_new_map,stubbable,player_rumble.obj,pass,,50,50,0
0xb9d30,rumble_clear_for_local_player,stubbable,player_rumble.obj,pass,,49,50,0
0xb9d60,rumble_clear_all_players,stubbable,player_rumble.obj,pass,,50,50,0
0xb9bc0,rumble_player_impulse,stubbable,player_rumble.obj,pass,,50,50,0
0xb9b80,rumble_player_set_scripted_values,data_only,player_rumble.obj,pass,,50,50,0
0xb9ba0,rumble_player_set_scale,data_only,player_rumble.obj,pass,,50,50,0
0xb9da0,rumble_set_direct_motors,data_only,player_rumble.obj,pass,,50,50,0
0xe0c30,player_ui_remember_player1_profile,stubbable,player_ui.obj,pass,,50,50,0
0xba100,players_initialize,stubbable,players.obj,pass,,50,50,0
0xba220,players_dispose_from_old_map,stubbable,players.obj,pass,,50,50,0
0xba240,players_dispose,data_only,players.obj,pass,,50,50,0
0xba2e0,local_player_exists,stubbable,players.obj,pass,,90,90,0
0xba390,player_delete,stubbable,players.obj,pass,,50,50,0
0xba3b0,players_get_respawn_failure,data_only,players.obj,pass,,50,50,0
0xba4b0,local_player_count,data_only,players.obj,fail,divergence,0,50,0
0xba4c0,local_player_get_next,data_only,players.obj,pass,,50,50,0
0xba500,player_index_from_unit_index,stubbable,players.obj,pass,,50,50,0
0xba550,player_died,stubbable,players.obj,pass,,50,50,0
0xba5e0,players_are_all_dead,data_only,players.obj,pass,,50,50,0
0xba5f0,players_set_local_player_unit,stubbable,players.obj,pass,,50,50,0
0xba6d0,player_input_enable,data_only,players.obj,pass,,50,50,0
0xba6f0,player_input_enabled,data_only,players.obj,pass,,50,50,0
0xba800,any_player_is_dead,stubbable,players.obj,pass,,50,50,0
0xba850,FUN_000ba850,stubbable,players.obj,pass,,50,50,0
0xba890,FUN_000ba890,stubbable,players.obj,pass,,50,50,0
0xba970,player_control_fix_for_loaded_game_state,stubbable,players.obj,pass,,50,50,0
0xbaa90,player_get_starting_location_count,stubbable,players.obj,pass,,50,50,0
0xbaae0,player_get_starting_location,stubbable,players.obj,pass,,50,50,0
0xbaba0,placement_data_set_change_color,leaf,players.obj,pass,,50,50,1
0xbac10,FUN_000bac10,stubbable,players.obj,pass,,50,50,0
0x1544d0,FUN_001544d0,leaf,point_physics.obj,pass,,50,50,0
0x1546b0,FUN_001546b0,leaf,point_physics.obj,fail,divergence,47,50,0
0x1547d0,FUN_001547d0,data_only,point_physics.obj,pass,,50,50,0
0x154860,point_physics_initialize_for_new_map,data_only,point_physics.obj,pass,,50,50,0
0x154890,point_physics_dispose_from_old_map,leaf,point_physics.obj,pass,,50,50,0
0x1548a0,point_physics_definition_get_mass,leaf,point_physics.obj,pass,,50,50,0
0x154a20,FUN_00154a20,data_only,point_physics.obj,pass,,50,50,0
0x1bdd40,FUN_001bdd40,data_only,predicted_resources.obj,pass,,50,50,0
0x1bdd50,FUN_001bdd50,data_only,predicted_resources.obj,pass,,50,50,0
0x1bdd60,FUN_001bdd60,data_only,predicted_resources.obj,pass,,50,50,0
0x1bdd70,FUN_001bdd70,data_only,predicted_resources.obj,pass,,50,50,0
0x1bde90,FUN_001bde90,stubbable,predicted_resources.obj,pass,,50,50,0
0x1bdec0,FUN_001bdec0,stubbable,predicted_resources.obj,pass,,50,50,0
0x8fa40,profile_enter_private,data_only,profile.obj,pass,,40,50,0
0x8fac0,profile_exit_private,data_only,profile.obj,pass,,50,50,0
0x913e0,profile_tick_start,data_only,profile.obj,pass,,50,50,0
0x91470,profile_tick_end,data_only,profile.obj,pass,,50,50,0
0x91510,profile_render_start,data_only,profile.obj,pass,,50,50,0
0x91540,profile_render_end,data_only,profile.obj,pass,,50,50,0
0x91640,profile_render_window_end,data_only,profile.obj,pass,,50,50,0
0x916e0,profile_texture_start,data_only,profile.obj,pass,,50,50,0
0x91710,profile_texture_end,data_only,profile.obj,pass,,50,50,0
0x91780,profile_frame_start,data_only,profile.obj,pass,,50,50,0
0x92090,symbol_table_dispose,data_only,profile.obj,pass,,50,50,0
0xf7cb0,projectile_kill_tracer,stubbable,projectiles.obj,pass,,50,50,0
0xf7ce0,projectiles_delete_all,stubbable,projectiles.obj,pass,,50,50,0
0xf7d30,projectile_set_target_object_index,stubbable,projectiles.obj,pass,,50,50,0
0xf7d50,projectile_make_tracer,stubbable,projectiles.obj,pass,,50,50,0
0xf7d80,projectile_get_ballistic_acceleration,data_only,projectiles.obj,pass,,50,50,0
0xf7da0,projectile_estimate_time_to_target,data_only,projectiles.obj,pass,,50,50,0
0xf7dd0,dangerous_projectiles_near_player,stubbable,projectiles.obj,pass,,50,50,0
0xf7e10,projectile_handle_deleted_object,stubbable,projectiles.obj,pass,,50,50,0
0xf7e40,FUN_000f7e40,stubbable,projectiles.obj,pass,,50,50,0
0xf7e60,FUN_000f7e60,stubbable,projectiles.obj,pass,,50,50,0
0xf7ec0,projectile_export_function_values,stubbable,projectiles.obj,pass,,50,50,0
0xf7fa0,FUN_000f7fa0,data_only,projectiles.obj,pass,,50,50,0
0xf8000,projectile_handle_parent_destroyed,stubbable,projectiles.obj,pass,,50,50,0
0xf8070,random_vector_in_cone3d,stubbable,projectiles.obj,pass,,50,50,0
0xf80a0,projectile_aim_ballistic,data_only,projectiles.obj,fail,divergence,45,50,0
0xf8410,projectile_aim_linear,stubbable,projectiles.obj,fail,divergence,0,50,0
0xf8590,FUN_000f8590,stubbable,projectiles.obj,pass,,50,50,0
0xf8640,FUN_000f8640,stubbable,projectiles.obj,pass,,50,50,0
0xf8720,FUN_000f8720,stubbable,projectiles.obj,error,emulation_error,0,50,0
0xf8920,FUN_000f8920,stubbable,projectiles.obj,pass,,90,90,0
0xf8d30,projectile_new,stubbable,projectiles.obj,error,timeout,0,0,0
0xf8ee0,projectile_accelerate,stubbable,projectiles.obj,pass,,50,50,0
0xf90d0,FUN_000f90d0,stubbable,projectiles.obj,pass,,4,50,0
0xf9c40,FUN_000f9c40,stubbable,projectiles.obj,error,emulation_error,0,50,0
0xfac20,FUN_000fac20,stubbable,projectiles.obj,pass,,50,50,0
0xface0,FUN_000face0,stubbable,projectiles.obj,pass,,26,50,0
0xfad00,FUN_000fad00,stubbable,projectiles.obj,error,timeout,0,0,0
0xe1ce0,ui_automation_is_active,data_only,progress_bar.obj,pass,,50,50,0
0xe1fa0,progress_bar_set_quad_texcoords,stubbable,progress_bar.obj,error,emulation_error,0,50,0
0xe1db0,progress_bar_compute_screen_rect,stubbable,progress_bar.obj,pass,,50,50,0
0xe2040,progress_bar_draw_fullscreen_overlay,stubbable,progress_bar.obj,error,emulation_error,0,50,0
0xe24e0,progress_bar_decode_texture,stubbable,progress_bar.obj,pass,,41,50,0
0xe2580,progress_bar_generate_gradient_texture,stubbable,progress_bar.obj,pass,,50,50,0
0xe26c0,progress_bar_draw_loading_bar,stubbable,progress_bar.obj,pass,,50,50,0
0xe29a0,progress_bar_screen_initialize,stubbable,progress_bar.obj,error,timeout,0,0,0
0xe2e50,progress_bar_render,data_only,progress_bar.obj,error,timeout,0,0,0
0x10b090,lock_global_random_seed,data_only,random_math.obj,pass,,50,50,0
0x10b0a0,unlock_global_random_seed,stubbable,random_math.obj,pass,,50,50,0
0x10b120,random_math_get_local_seed_address,data_only,random_math.obj,pass,,50,50,0
0x10b130,random_seed_debug_log,leaf,random_math.obj,pass,,50,50,0
0x10b270,random_real_range,data_only,random_math.obj,pass,,50,50,0
0x10b2d0,random_range,leaf,random_math.obj,pass,,50,50,1
0x10b300,random_direction_table_get_element,stubbable,random_math.obj,pass,,50,50,0
0x10b380,random_seed_get_direction3d,data_only,random_math.obj,fail,divergence,0,50,0
0x10b4c0,random_direction3d,stubbable,random_math.obj,pass,,18,50,0
0x10b2b0,random_seed_step,leaf,random_math.obj,pass,,50,50,1
0x10b910,FUN_0010b910,data_only,random_math.obj,pass,,50,50,0
0x10c8e0,FUN_0010c8e0,leaf,random_math.obj,fail,divergence,3,50,0
0x10aa60,FUN_0010aa60,stubbable,random_math.obj,fail,divergence,36,50,0
0x10ad10,periodic_functions_initialize,stubbable,random_math.obj,pass,,50,50,0
0x10add0,FUN_0010add0,leaf,random_math.obj,pass,,50,50,1
0x10ae00,FUN_0010ae00,leaf,random_math.obj,pass,,50,50,1
0x10ae80,FUN_0010ae80,stubbable,random_math.obj,pass,,50,50,0
0x10af70,FUN_0010af70,stubbable,random_math.obj,pass,,50,50,0
0x10b110,get_random_seed,data_only,random_math.obj,pass,,50,50,0
0x10b160,random_math_initialize,stubbable,random_math.obj,pass,,50,50,0
0x10b220,random_math_dispose,stubbable,random_math.obj,pass,,50,50,0
0x10b3c0,seed_random_orientation,data_only,random_math.obj,fail,divergence,47,50,0
0x10b9c0,FUN_0010b9c0,leaf,random_math.obj,fail,divergence,49,50,0
0x10ba90,FUN_0010ba90,data_only,random_math.obj,pass,,50,50,0
0x10c290,FUN_0010c290,data_only,random_math.obj,pass,,50,50,0
0x10c2e0,FUN_0010c2e0,data_only,random_math.obj,pass,,50,50,0
0x10c340,FUN_0010c340,leaf,random_math.obj,pass,,50,50,0
0x10c780,FUN_0010c780,stubbable,random_math.obj,pass,,50,50,0
0x10c7d0,FUN_0010c7d0,stubbable,random_math.obj,fail,divergence,45,50,0
0x10c920,FUN_0010c920,data_only,random_math.obj,pass,,50,50,0
0x16f500,FUN_0016f500,stubbable,rasterizer.obj,pass,,50,50,0
0x16f6c0,FUN_0016f6c0,leaf,rasterizer.obj,pass,,50,50,0
0x16f730,FUN_0016f730,stubbable,rasterizer.obj,pass,,50,50,0
0x16f880,FUN_0016f880,data_only,rasterizer.obj,pass,,50,50,0
0x16f8a0,FUN_0016f8a0,stubbable,rasterizer.obj,pass,,50,50,0
0x16fb80,rasterizer_initialize,leaf,rasterizer.obj,pass,,50,50,0
0x16fbd0,FUN_0016fbd0,data_only,rasterizer.obj,pass,,50,50,0
0x16fcf0,FUN_0016fcf0,data_only,rasterizer.obj,pass,,50,50,0
0x16fdd0,FUN_0016FDD0,data_only,rasterizer.obj,pass,,50,50,0
0x16feb0,FUN_0016FEB0,leaf,rasterizer.obj,pass,,50,50,0
0x16fec0,FUN_0016fec0,leaf,rasterizer.obj,pass,,50,50,0
0x1703f0,FUN_001703f0,stubbable,rasterizer.obj,error,emulation_error,0,50,0
0x172520,FUN_00172520,leaf,rasterizer.obj,pass,,50,50,0
0x172640,FUN_00172640,data_only,rasterizer.obj,pass,,50,50,0
0x172650,FUN_00172650,stubbable,rasterizer.obj,error,emulation_error,0,50,0
0x1726a0,FUN_001726a0,stubbable,rasterizer.obj,pass,,50,50,0
0x172720,rasterizer_window_get_fog,stubbable,rasterizer.obj,pass,,50,50,0
0x173ae0,FUN_00173ae0,leaf,rasterizer.obj,pass,,50,50,0
0x173af0,FUN_00173af0,stubbable,rasterizer.obj,not_applicable,oracle_truncated,0,0,0
0x1741d0,FUN_001741d0,stubbable,rasterizer.obj,pass,,50,50,0
0x1744f0,FUN_001744f0,stubbable,rasterizer.obj,error,emulation_error,0,50,0
0x174510,FUN_00174510,stubbable,rasterizer.obj,pass,,50,50,0
0x174980,FUN_00174980,stubbable,rasterizer.obj,error,emulation_error,0,50,0
0x1749b0,FUN_001749b0,data_only,rasterizer.obj,pass,,50,50,0
0x174b60,FUN_00174b60,leaf,rasterizer.obj,pass,,50,50,1
0x174b90,FUN_00174b90,leaf,rasterizer.obj,pass,,50,50,1
0x174bd0,FUN_00174bd0,stubbable,rasterizer.obj,fail,divergence,0,50,0
0x174cc0,FUN_00174cc0,stubbable,rasterizer.obj,pass,,50,50,0
0x174ce0,FUN_00174ce0,stubbable,rasterizer.obj,pass,,50,50,0
0x178820,FUN_00178820,stubbable,rasterizer.obj,fail,divergence,7,50,0
0x1792a0,FUN_001792a0,data_only,rasterizer.obj,pass,,50,50,0
0x1792c0,FUN_001792C0,data_only,rasterizer.obj,pass,,50,50,0
0x1792d0,FUN_001792d0,data_only,rasterizer.obj,pass,,50,50,0
0x179570,FUN_00179570,stubbable,rasterizer.obj,error,emulation_error,0,50,0
0x1795c0,FUN_001795c0,stubbable,rasterizer.obj,error,timeout,0,0,0
0x179de0,FUN_00179de0,stubbable,rasterizer.obj,pass,,50,50,0
0x17a8a0,FUN_0017a8a0,stubbable,rasterizer.obj,pass,,50,50,0
0x17ad20,FUN_0017ad20,stubbable,rasterizer.obj,error,emulation_error,0,50,0
0x17ad40,FUN_0017ad40,stubbable,rasterizer.obj,not_applicable,lifted_extract_failed,0,0,0
0x17ad90,FUN_0017ad90,leaf,rasterizer.obj,pass,,50,50,0
0x17bca0,FUN_0017bca0,stubbable,rasterizer.obj,pass,,50,50,0
0x17bf20,FUN_0017bf20,stubbable,rasterizer.obj,pass,,50,50,0
0x17c000,FUN_0017c000,leaf,rasterizer.obj,pass,,50,50,0
0x17c140,FUN_0017c140,stubbable,rasterizer.obj,pass,,50,50,0
0x17c1b0,FUN_0017c1b0,stubbable,rasterizer.obj,pass,,50,50,0
0x17c790,rasterizer_window_set_fog,stubbable,rasterizer.obj,pass,,50,50,0
0x17c7e0,rasterizer_frame_begin,data_only,rasterizer.obj,pass,,50,50,0
0x17c8d0,rasterizer_window_begin,stubbable,rasterizer.obj,pass,,50,50,0
0x17c8e0,rasterizer_environment_fog_screen_draw,stubbable,rasterizer.obj,pass,,50,50,0
0x17c8f0,rasterizer_environment_fog_screen_end,stubbable,rasterizer.obj,pass,,50,50,0
0x17c930,rasterizer_dynamic_lit_geometry_draw,stubbable,rasterizer.obj,pass,,50,50,0
0x17c950,rasterizer_set_vblank_callback,stubbable,rasterizer.obj,error,emulation_error,0,50,0
0x17c960,rasterizer_psuedo_dynamic_screen_quad_draw,leaf,rasterizer.obj,error,emulation_error,0,50,0
0x17c970,rasterizer_widget_submit,stubbable,rasterizer.obj,pass,,50,50,0
0x17c980,rasterizer_widget_begin,stubbable,rasterizer.obj,pass,,50,50,0
0x17c990,rasterizer_widget_set_texture,stubbable,rasterizer.obj,pass,,50,50,0
0x17c9a0,rasterizer_widget_set_tint_factor,stubbable,rasterizer.obj,pass,,50,50,0
0x17c9b0,rasterizer_widget_set_zbuffer_enable,stubbable,rasterizer.obj,pass,,50,50,0
0x17c9c0,rasterizer_widget_draw_sprite2d,stubbable,rasterizer.obj,pass,,50,50,0
0x17c9d0,rasterizer_widget_draw_sprite3d,stubbable,rasterizer.obj,pass,,50,50,0
0x17c9e0,rasterizer_widget_end,stubbable,rasterizer.obj,pass,,50,50,0
0x17c9f0,FUN_0017c9f0,stubbable,rasterizer.obj,pass,,50,50,0
0x17ca10,rasterizer_hud_motion_sensor_blip_begin,stubbable,rasterizer.obj,pass,,50,50,0
0x17ca20,rasterizer_hud_motion_sensor_blip_draw,stubbable,rasterizer.obj,pass,,50,50,0
0x178ab0,rasterizer_vertex_shaders_dispose,data_only,rasterizer_xbox_vertex_shaders_initialize.obj,error,emulation_error,0,50,0
0x178b40,FUN_00178b40,leaf,rasterizer_xbox_vertex_shaders_runtime.obj,pass,,36,50,0
0x155090,rasterizer_frame_update,data_only,rasterizer_common.obj,pass,,50,50,0
0x154fc0,rasterizer_initialize_for_new_map,stubbable,rasterizer_common.obj,pass,,50,50,0
0x155070,rasterizer_dispose_from_old_map,stubbable,rasterizer_common.obj,pass,,50,50,0
0x1550c0,FUN_001550c0,stubbable,rasterizer_common.obj,error,emulation_error,0,50,0
0x155110,FUN_00155110,data_only,rasterizer_common.obj,pass,,50,50,0
0x157e40,rasterizer_present,stubbable,rasterizer_decals.obj,pass,,50,50,0
0x1580b0,FUN_001580b0,leaf,rasterizer_decals.obj,pass,,50,50,0
0x158140,FUN_00158140,leaf,rasterizer_decals.obj,pass,,27,50,0
0x1584f0,FUN_001584f0,leaf,rasterizer_decals.obj,pass,,42,50,0
0x158df0,FUN_00158df0,stubbable,rasterizer_decals.obj,pass,,50,50,0
0x158f90,FUN_00158f90,stubbable,rasterizer_decals.obj,pass,,50,50,0
0x159070,FUN_00159070,data_only,rasterizer_decals.obj,pass,,50,50,0
0x1592e0,FUN_001592e0,data_only,rasterizer_decals.obj,pass,,50,50,0
0x159900,FUN_00159900,stubbable,rasterizer_decals.obj,pass,,50,50,0
0x15a290,FUN_0015a290,leaf,rasterizer_decals.obj,pass,,50,50,0
0x15a4c0,FUN_0015a4c0,leaf,rasterizer_decals.obj,pass,,50,50,0
0x15a4e0,FUN_0015a4e0,leaf,rasterizer_decals.obj,pass,,50,50,0
0x15a4f0,FUN_0015a4f0,stubbable,rasterizer_decals.obj,not_applicable,lifted_extract_failed,0,0,0
0x15a560,FUN_0015a560,stubbable,rasterizer_decals.obj,pass,,50,50,0
0x15a700,FUN_0015a700,stubbable,rasterizer_decals.obj,pass,,50,50,0
0x15a7f0,FUN_0015a7f0,leaf,rasterizer_decals.obj,pass,,50,50,0
0x15a8f0,FUN_0015a8f0,leaf,rasterizer_decals.obj,pass,,50,50,0
0x15aa40,FUN_0015aa40,stubbable,rasterizer_decals.obj,pass,,50,50,0
0x15afa0,FUN_0015afa0,stubbable,rasterizer_decals.obj,pass,,50,50,0
0x15b150,FUN_0015b150,stubbable,rasterizer_decals.obj,pass,,50,50,0
0x15b1e0,FUN_0015b1e0,stubbable,rasterizer_decals.obj,pass,,50,50,0
0x15b220,FUN_0015b220,stubbable,rasterizer_decals.obj,pass,,50,50,0
0x15b460,FUN_0015b460,stubbable,rasterizer_decals.obj,fail,divergence,47,50,0
0x15b530,FUN_0015b530,stubbable,rasterizer_decals.obj,pass,,50,50,0
0x15b5a0,FUN_0015b5a0,stubbable,rasterizer_decals.obj,error,emulation_error,0,50,0
0x15b5e0,FUN_0015b5e0,data_only,rasterizer_decals.obj,pass,,50,50,0
0x15b650,FUN_0015b650,stubbable,rasterizer_decals.obj,error,emulation_error,0,50,0
0x15b6a0,FUN_0015b6a0,stubbable,rasterizer_decals.obj,error,emulation_error,0,50,0
0x15b890,FUN_0015b890,stubbable,rasterizer_decals.obj,pass,,50,50,0
0x15b960,FUN_0015b960,leaf,rasterizer_decals.obj,pass,,50,50,0
0x15b970,FUN_0015b970,stubbable,rasterizer_decals.obj,pass,,50,50,0
0x15bc40,FUN_0015bc40,stubbable,rasterizer_decals.obj,pass,,50,50,0
0x15c190,FUN_0015c190,leaf,rasterizer_decals.obj,pass,,50,50,0
0x15c2b0,FUN_0015c2b0,stubbable,rasterizer_decals.obj,error,emulation_error,0,50,0
0x15c2d0,FUN_0015c2d0,stubbable,rasterizer_decals.obj,pass,,50,50,0
0x15c5f0,FUN_0015c5f0,stubbable,rasterizer_decals.obj,pass,,50,50,0
0x15c600,FUN_0015c600,stubbable,rasterizer_decals.obj,not_applicable,lifted_extract_failed,0,0,0
0x15c650,FUN_0015c650,stubbable,rasterizer_decals.obj,error,emulation_error,0,50,0
0x15c680,FUN_0015c680,stubbable,rasterizer_decals.obj,pass,,50,50,0
0x15c6f0,FUN_0015c6f0,stubbable,rasterizer_decals.obj,pass,,50,50,0
0x15d020,FUN_0015d020,stubbable,rasterizer_decals.obj,error,emulation_error,0,50,0
0x15d040,FUN_0015d040,stubbable,rasterizer_decals.obj,error,emulation_error,0,50,0
0x15d060,FUN_0015d060,stubbable,rasterizer_decals.obj,pass,,50,50,0
0x15d160,FUN_0015d160,leaf,rasterizer_decals.obj,pass,,50,50,0
0x15d170,FUN_0015d170,stubbable,rasterizer_decals.obj,pass,,50,50,0
0x15d2a0,FUN_0015d2a0,stubbable,rasterizer_decals.obj,error,emulation_error,0,50,0
0x15d2d0,FUN_0015d2d0,stubbable,rasterizer_decals.obj,error,emulation_error,0,50,0
0x15d310,FUN_0015d310,stubbable,rasterizer_decals.obj,pass,,50,50,0
0x15d480,FUN_0015d480,stubbable,rasterizer_decals.obj,pass,,50,50,0
0x15d5b0,rasterizer_draw_dynamic_vertices,leaf,rasterizer_decals.obj,pass,,50,50,0
0x155350,FUN_00155350,stubbable,rasterizer_xbox.obj,error,emulation_error,0,50,0
0x155380,FUN_00155380,stubbable,rasterizer_xbox.obj,error,emulation_error,0,50,0
0x1553a0,FUN_001553a0,stubbable,rasterizer_xbox.obj,error,emulation_error,0,50,0
0x1553d0,FUN_001553d0,stubbable,rasterizer_xbox.obj,error,emulation_error,0,50,0
0x1553f0,rasterizer_preinitialize,stubbable,rasterizer_xbox.obj,pass,,50,50,0
0x155560,FUN_00155560,stubbable,rasterizer_xbox.obj,error,emulation_error,0,50,0
0x155580,rasterizer_get_default_hardware_format,stubbable,rasterizer_xbox.obj,pass,,50,50,0
0x155880,FUN_00155880,data_only,rasterizer_xbox.obj,pass,,50,50,0
0x1559a0,_rasterizer_reset_state,leaf,rasterizer_xbox.obj,pass,,50,50,0
0x1559b0,rasterizer_spin_begin,leaf,rasterizer_xbox.obj,pass,,50,50,0
0x1559c0,rasterizer_spin_end,leaf,rasterizer_xbox.obj,pass,,50,50,0
0x1559d0,_rasterizer_windows_begin,stubbable,rasterizer_xbox.obj,pass,,50,50,0
0x155a00,_rasterizer_window_get_fog,stubbable,rasterizer_xbox.obj,pass,,50,50,0
0x155a40,_rasterizer_windows_end,stubbable,rasterizer_xbox.obj,pass,,50,50,0
0x155a70,_rasterizer_frame_end,stubbable,rasterizer_xbox.obj,pass,,50,50,0
0x155b60,FUN_00155b60,stubbable,rasterizer_xbox.obj,error,emulation_error,0,50,0
0x155b90,_rasterizer_dispose,stubbable,rasterizer_xbox.obj,pass,,50,50,0
0x155c10,FUN_00155c10,stubbable,rasterizer_xbox.obj,error,emulation_error,0,50,0
0x155c20,rasterizer_set_texture_bitmap_data,leaf,rasterizer_xbox.obj,pass,,48,50,0
0x155cc0,FUN_00155cc0,stubbable,rasterizer_xbox.obj,error,emulation_error,0,50,0
0x155cf0,rasterizer_set_texture_direct,leaf,rasterizer_xbox.obj,pass,,50,50,0
0x155da0,rasterizer_set_texture_direct_non_blocking,leaf,rasterizer_xbox.obj,pass,,50,50,0
0x155e80,rasterizer_set_texture,leaf,rasterizer_xbox.obj,pass,,50,50,0
0x156070,FUN_00156070,stubbable,rasterizer_xbox.obj,error,emulation_error,0,50,0
0x1560a0,rasterizer_set_texture_non_blocking,leaf,rasterizer_xbox.obj,pass,,50,50,0
0x156250,rasterizer_get_target,leaf,rasterizer_xbox.obj,pass,,31,50,0
0x156440,rasterizer_set_vertex_shader,stubbable,rasterizer_xbox.obj,pass,,45,50,0
0x156510,rasterizer_set_pixel_shader,stubbable,rasterizer_xbox.obj,pass,,50,50,0
0x156710,rasterizer_set_model_skinning,stubbable,rasterizer_xbox.obj,pass,,48,50,0
0x156850,rasterizer_set_model_lighting_point_light,stubbable,rasterizer_xbox.obj,pass,,50,50,0
0x1569f0,FUN_001569f0,stubbable,rasterizer_xbox.obj,pass,,50,50,0
0x156a90,FUN_00156a90,stubbable,rasterizer_xbox.obj,error,emulation_error,0,50,0
0x156ab0,rasterizer_set_model_lighting,stubbable,rasterizer_xbox.obj,fail,divergence,40,50,0
0x156c30,rasterizer_set_frustum_z,stubbable,rasterizer_xbox.obj,pass,,50,50,0
0x156d80,SetupSmartStates,data_only,rasterizer_xbox.obj,pass,,50,50,0
0x156e00,rasterizer_filthy_bitmap_default_initialize,stubbable,rasterizer_xbox.obj,pass,,50,50,0
0x157010,FUN_00157010,data_only,rasterizer_xbox.obj,not_applicable,oracle_truncated,0,0,0
0x130d0,FUN_000130d0,stubbable,vector_math.obj,pass,,50,50,0
0x28610,valid_real_normal2d,data_only,vector_math.obj,pass,,50,50,0
0x12f80,vector3d_scale_add,leaf,vector_math.obj,pass,,50,50,1
0x213c0,vector3d_add,leaf,vector_math.obj,pass,,50,50,1
0x21fb0,valid_real_normal3d,data_only,vector_math.obj,pass,,50,50,0
0x12170,FUN_00012170,leaf,vector_math.obj,pass,,50,50,0
0x121a0,distance_squared3d,leaf,vector_math.obj,pass,,50,50,0
0x121e0,FUN_000121e0,stubbable,vector_math.obj,pass,,50,50,0
0x12140,FUN_00012140,leaf,vector_math.obj,pass,,50,50,1
0x13070,FUN_00013070,leaf,vector_math.obj,pass,,50,50,0
0x120e0,FUN_000120e0,stubbable,vector_math.obj,pass,,50,50,0
0x12110,FUN_00012110,stubbable,vector_math.obj,pass,,50,50,0
0x12a80,FUN_00012a80,stubbable,vector_math.obj,pass,,50,50,0
0x12e50,FUN_00012e50,stubbable,vector_math.obj,pass,,50,50,0
0x12ea0,FUN_00012ea0,leaf,vector_math.obj,pass,,50,50,1
0x12eb0,FUN_00012eb0,leaf,vector_math.obj,pass,,50,50,1
0x12ed0,FUN_00012ed0,leaf,vector_math.obj,pass,,50,50,0
0x12ef0,FUN_00012ef0,leaf,vector_math.obj,pass,,50,50,0
0x12f60,FUN_00012f60,leaf,vector_math.obj,pass,,50,50,0
0x12fb0,FUN_00012fb0,leaf,vector_math.obj,pass,,50,50,1
0x12fe0,FUN_00012fe0,leaf,vector_math.obj,pass,,50,50,0
0x13090,FUN_00013090,leaf,vector_math.obj,pass,,50,50,1
0x21370,FUN_00021370,leaf,vector_math.obj,pass,,50,50,0
0x21380,FUN_00021380,leaf,vector_math.obj,pass,,50,50,0
0x21390,FUN_00021390,leaf,vector_math.obj,fail,divergence,45,50,0
0x213a0,FUN_000213a0,leaf,vector_math.obj,pass,,50,50,0
0x21410,FUN_00021410,leaf,vector_math.obj,fail,divergence,28,50,0
0x21f70,FUN_00021f70,data_only,vector_math.obj,pass,,50,50,0
0x1acb0,FUN_0001acb0,leaf,real_math.obj,pass,,50,50,1
0x1ace0,FUN_0001ace0,leaf,real_math.obj,pass,,50,50,0
0x1ad10,FUN_0001ad10,leaf,real_math.obj,pass,,50,50,0
0x1ad40,FUN_0001ad40,leaf,real_math.obj,pass,,50,50,1
0x1ad60,FUN_0001ad60,leaf,real_math.obj,pass,,50,50,0
0x109010,FUN_00109010,leaf,real_math.obj,pass,,50,50,0
0x1090e0,FUN_001090e0,leaf,real_math.obj,pass,,50,50,1
0x109120,FUN_00109120,leaf,real_math.obj,pass,,50,50,1
0x109150,matrix_inverse,data_only,real_math.obj,pass,,50,50,0
0x109240,FUN_00109240,leaf,real_math.obj,pass,,50,50,1
0x109280,matrix4x3_identity_with_position,leaf,real_math.obj,pass,,50,50,1
0x1092d0,FUN_001092d0,data_only,real_math.obj,fail,divergence,48,50,0
0x1093b0,FUN_001093b0,data_only,real_math.obj,fail,divergence,40,50,0
0x109540,matrix4x3_decompose,leaf,real_math.obj,pass,,50,50,1
0x109590,matrix_transform_point,leaf,real_math.obj,pass,,50,50,0
0x109610,matrix_scale_transform_vector,leaf,real_math.obj,pass,,50,50,0
0x109680,matrix_transform_vector,leaf,real_math.obj,pass,,50,50,0
0x1096e0,real_matrix3x3_transform_point,data_only,real_math.obj,pass,,50,50,0
0x109780,real_matrix3x3_transform_vector,data_only,real_math.obj,pass,,50,50,0
0x1097f0,real_matrix4x3_transform_point,leaf,real_math.obj,pass,,50,50,0
0x109850,matrix4x3_multiply,leaf,real_math.obj,pass,,50,50,0
0x1099a0,FUN_001099a0,leaf,real_math.obj,pass,,50,50,0
0x1099f0,FUN_001099f0,leaf,real_math.obj,pass,,50,50,0
0x109a60,FUN_00109a60,leaf,real_math.obj,fail,divergence,40,50,0
0x109ba0,FUN_00109ba0,data_only,real_math.obj,fail,divergence,48,50,0
0x109c70,FUN_00109c70,leaf,real_math.obj,pass,,50,50,0
0x109d90,FUN_00109d90,leaf,real_math.obj,pass,,50,50,0
0x109e10,matrix_from_forward_and_up,leaf,real_math.obj,pass,,50,50,0
0x109e90,FUN_00109e90,leaf,real_math.obj,fail,divergence,49,50,0
0x109fc0,FUN_00109fc0,data_only,real_math.obj,fail,divergence,23,50,0
0x10a150,quaternion_to_angle_and_vector,stubbable,real_math.obj,fail,divergence,15,50,0
0x10a1c0,FUN_0010a1c0,leaf,real_math.obj,fail,divergence,49,50,0
0x10a240,FUN_0010a240,data_only,real_math.obj,pass,,50,50,0
0x10a2c0,FUN_0010a2c0,leaf,real_math.obj,pass,,50,50,0
0x10a330,FUN_0010a330,data_only,real_math.obj,pass,,50,50,0
0x10a480,FUN_0010a480,stubbable,real_math.obj,pass,,90,90,0
0x10a4c0,FUN_0010a4c0,stubbable,real_math.obj,pass,,50,50,0
0x10a570,FUN_0010a570,data_only,real_math.obj,pass,,50,50,0
0x10b5d0,real_math_dispose,stubbable,real_math.obj,pass,,50,50,0
0x10b5e0,real_math_reset_precision,stubbable,real_math.obj,pass,,50,50,0
0x10b600,perpendicular2d,leaf,real_math.obj,pass,,50,50,0
0x10b620,perpendicular3d,leaf,real_math.obj,pass,,50,50,0
0x10b6b0,perpendicular4d,leaf,real_math.obj,pass,,50,50,0
0x10b6e0,rotate_vector3d_by_sincos,data_only,real_math.obj,fail,divergence,36,50,0
0x10b780,vectors_interpolate,data_only,real_math.obj,pass,,50,50,0
0x10b7d0,points_interpolate,data_only,real_math.obj,pass,,50,50,0
0x10b820,scalars_interpolate,data_only,real_math.obj,pass,,50,50,0
0x10b840,scalars_interpolate_and_clamp_0_to_1,data_only,real_math.obj,pass,,50,50,0
0x10b8a0,FUN_0010b8a0,leaf,real_math.obj,pass,,50,50,0
0x10bb20,quaternion_transform_point,data_only,real_math.obj,fail,divergence,45,50,0
0x10bc70,fast_vector_intersects_sphere,data_only,real_math.obj,pass,,50,50,0
0x10bd70,FUN_0010bd70,leaf,real_math.obj,pass,,50,50,0
0x10bdc0,FUN_0010bdc0,leaf,real_math.obj,pass,,50,50,0
0x10be20,FUN_0010be20,data_only,real_math.obj,pass,,50,50,0
0x10bff0,FUN_0010bff0,data_only,real_math.obj,pass,,50,50,0
0x10c600,angle_between_normals3d,data_only,real_math.obj,pass,,50,50,0
0x10c690,FUN_0010c690,leaf,real_math.obj,pass,,50,50,0
0x10c700,FUN_0010c700,leaf,real_math.obj,pass,,50,50,0
0x10ca30,sphere_intersects_rectangle3d,data_only,real_math.obj,pass,,50,50,0
0x10cab0,FUN_0010cab0,data_only,real_math.obj,pass,,50,50,0
0x10caf0,FUN_0010caf0,stubbable,real_math.obj,pass,,50,50,0
0x10cb90,orientations_interpolate,data_only,real_math.obj,pass,,50,50,0
0x10cc00,vector_to_angles,leaf,real_math.obj,pass,,50,50,0
0x10cc40,angles_to_vector,leaf,real_math.obj,pass,,50,50,0
0x10cc70,vector3d_from_angle,leaf,real_math.obj,pass,,50,50,0
0x10cc90,FUN_0010cc90,data_only,real_math.obj,pass,,50,50,0
0x10e040,vector_intersects_pill3d,data_only,real_math.obj,fail,divergence,47,50,0
0x110a10,FUN_00110a10,leaf,real_math.obj,pass,,27,50,0
0x111170,FUN_00111170,leaf,real_math.obj,pass,,50,50,0
0x94bb0,recorded_animations_initialize,stubbable,recorded_animations.obj,pass,,50,50,0
0x94c30,recorded_animations_dispose,data_only,recorded_animations.obj,pass,,50,50,0
0x94c60,recorded_animations_dispose_from_old_map,stubbable,recorded_animations.obj,pass,,50,50,0
0x94cb0,recorded_animations_update,stubbable,recorded_animations.obj,pass,,50,50,0
0x95280,recorded_animations_initialize_for_new_map,stubbable,recorded_animations.obj,pass,,50,50,0
0x184bc0,render_window_pregame,stubbable,render.obj,pass,,50,50,0
0x184cd0,render_frame_pregame,stubbable,render.obj,pass,,50,50,0
0x184dc0,render_frame_present,stubbable,render.obj,pass,,50,50,0
0x185290,render_window,stubbable,render.obj,pass,,50,50,0
0x185680,render_frame,stubbable,render.obj,pass,,22,50,0
0x184570,FUN_00184570,stubbable,render.obj,pass,,50,50,0
0x1845b0,FUN_001845b0,stubbable,render.obj,pass,,50,50,0
0x188890,FUN_00188890,stubbable,render_debug.obj,pass,,50,50,0
0x188970,FUN_00188970,stubbable,render_debug.obj,pass,,50,50,0
0x188a90,FUN_00188a90,stubbable,render_debug.obj,pass,,40,50,0
0x188bf0,FUN_00188bf0,data_only,render_debug.obj,pass,,50,50,0
0x188c60,FUN_00188c60,stubbable,render_debug.obj,pass,,50,50,0
0x188d00,FUN_00188d00,leaf,render_debug.obj,fail,divergence,5,50,0
0x189150,FUN_00189150,stubbable,render_debug.obj,pass,,45,50,0
0x189270,FUN_00189270,stubbable,render_debug.obj,pass,,45,50,0
0x189320,FUN_00189320,stubbable,render_debug.obj,pass,,45,50,0
0x1893e0,FUN_001893e0,leaf,render_debug.obj,error,emulation_error,0,50,1
0x189450,FUN_00189450,data_only,render_debug.obj,pass,,45,50,0
0x1894d0,FUN_001894d0,data_only,render_debug.obj,error,emulation_error,0,50,0
0x189540,FUN_00189540,stubbable,render_debug.obj,pass,,45,50,0
0x1896d0,FUN_001896d0,stubbable,render_debug.obj,fail,divergence,0,50,0
0x189860,FUN_00189860,stubbable,render_debug.obj,fail,divergence,0,50,0
0x189a20,FUN_00189a20,stubbable,render_debug.obj,pass,,45,50,0
0x189ba0,FUN_00189ba0,stubbable,render_debug.obj,pass,,48,50,0
0x189c40,FUN_00189c40,stubbable,render_debug.obj,pass,,45,50,0
0x189cb0,FUN_00189cb0,stubbable,render_debug.obj,pass,,47,50,0
0x189de0,FUN_00189de0,stubbable,render_debug.obj,pass,,50,50,0
0x18a000,FUN_0018a000,stubbable,render_debug.obj,pass,,50,50,0
0x18a110,FUN_0018a110,stubbable,render_debug.obj,pass,,50,50,0
0x18a190,FUN_0018a190,stubbable,render_debug.obj,pass,,50,50,0
0x18a370,FUN_0018a370,stubbable,render_debug.obj,pass,,50,50,0
0x18a3e0,FUN_0018a3e0,stubbable,render_debug.obj,pass,,50,50,0
0x18a580,FUN_0018a580,stubbable,render_debug.obj,pass,,79,90,0
0x18a650,FUN_0018a650,stubbable,render_debug.obj,pass,,79,90,0
0x18a770,FUN_0018a770,stubbable,render_debug.obj,pass,,89,90,0
0x18a860,FUN_0018a860,stubbable,render_debug.obj,pass,,77,90,0
0x18a990,FUN_0018a990,stubbable,render_debug.obj,pass,,34,50,0
0x18a9d0,FUN_0018a9d0,stubbable,render_debug.obj,pass,,32,50,0
0x18aa00,FUN_0018aa00,stubbable,render_debug.obj,pass,,5,50,0
0x18ab30,FUN_0018ab30,stubbable,render_debug.obj,error,emulation_error,0,50,0
0x18ac50,FUN_0018ac50,stubbable,render_debug.obj,pass,,50,50,0
0x1c2840,saved_game_files_dispose,stubbable,saved_game_files.obj,pass,,50,50,0
0x1c3750,saved_game_files_initialize,stubbable,saved_game_files.obj,error,emulation_error,0,50,0
0x18e280,scenario_initialize,stubbable,scenario.obj,pass,,50,50,0
0x18e310,scenario_unload,stubbable,scenario.obj,pass,,50,50,0
0x18e3f0,global_collision_bsp_get,stubbable,scenario.obj,pass,,50,50,0
0x18e4d0,scenario_location_reset,leaf,scenario.obj,pass,,50,50,1
0x18e500,FUN_0018e500,stubbable,scenario.obj,pass,,50,50,0
0x18e910,scenario_location_potentially_visible_local,stubbable,scenario.obj,pass,,50,50,0
0x18eab0,scenario_get_structure_reference_index_from_tag_index,stubbable,scenario.obj,pass,,50,50,0
0x18eb40,scenario_switch_structure_bsp,stubbable,scenario.obj,pass,,50,50,0
0x18f080,global_structure_bsp_index_get,data_only,scenario.obj,pass,,50,50,0
0x18f090,scenario_load,stubbable,scenario.obj,error,emulation_error,0,50,0
0x18f180,scenario_location_from_point,stubbable,scenario.obj,pass,,50,50,0
0x18f510,FUN_0018f510,stubbable,scenario.obj,pass,,50,50,0
0x18e720,FUN_0018e720,stubbable,scenario.obj,pass,,50,50,0
0x190550,FUN_00190550,stubbable,shaders.obj,pass,,50,50,0
0x190670,FUN_00190670,leaf,shaders.obj,error,emulation_error,0,50,1
0x190690,FUN_00190690,leaf,shaders.obj,error,emulation_error,0,50,0
0x1906b0,FUN_001906b0,stubbable,shaders.obj,pass,,50,50,0
0x190710,shader_get_vertex_shader_permutation,stubbable,shaders.obj,fail,divergence,11,50,0
0x190830,shader_is_mirror,leaf,shaders.obj,pass,,50,50,0
0x1908a0,shader_is_decal,leaf,shaders.obj,pass,,50,50,0
0x190930,shader_is_water_decal,leaf,shaders.obj,pass,,50,50,0
0x190980,shader_ignores_effect,leaf,shaders.obj,pass,,50,50,0
0x1909d0,shader_type_is_transparent,leaf,shaders.obj,pass,,50,50,0
0x1909f0,shader_type_is_lightmapped,leaf,shaders.obj,fail,divergence,49,50,0
0x190a10,shader_type_is_vertex_lit,leaf,shaders.obj,pass,,50,50,0
0x190a30,shader_type_is_valid_for_environment,leaf,shaders.obj,pass,,50,50,0
0x190a50,shader_type_is_valid_for_model,leaf,shaders.obj,pass,,50,50,0
0x190a70,shader_type_is_valid_for_modifier,leaf,shaders.obj,pass,,50,50,0
0x190be0,numeric_countdown_timer_set,data_only,shaders.obj,pass,,50,50,0
0x190c00,numeric_countdown_timer_get,leaf,shaders.obj,pass,,41,50,0
0x190d90,numeric_countdown_timer_stop,data_only,shaders.obj,pass,,50,50,0
0x190da0,numeric_countdown_timer_restart,data_only,shaders.obj,pass,,50,50,0
0x190db0,numeric_countdown_timer_update,stubbable,shaders.obj,pass,,50,50,0
0x1910f0,shell_initialize,stubbable,shell.obj,error,emulation_error,0,50,0
0x191140,shell_dispose,stubbable,shell.obj,error,timeout,0,0,0
0x191170,shell_application_is_paused,data_only,shell.obj,pass,,50,50,0
0x191240,shell_get_command_line,data_only,shell.obj,pass,,50,50,0
0x191180,FUN_00191180,data_only,shell.obj,pass,,50,50,0
0x1911b0,FUN_001911b0,stubbable,shell.obj,fail,divergence,0,50,0
0x191220,FUN_00191220,leaf,shell.obj,pass,,50,50,0
0x191230,FUN_00191230,leaf,shell.obj,pass,,50,50,0
0x191250,shell_idle,leaf,shell_xbox.obj,pass,,50,50,0
0x191260,update_loaded_module_section_attributes,data_only,shell_xbox.obj,error,emulation_error,0,50,0
0x191330,main,stubbable,shell_xbox.obj,error,emulation_error,0,50,0
0x18aef0,FUN_0018aef0,stubbable,scenario.obj,pass,,50,50,0
0x18af90,FUN_0018AF90,stubbable,scenario.obj,not_applicable,lifted_extract_failed,0,0,0
0x18afd0,FUN_0018afd0,stubbable,scenario.obj,not_applicable,lifted_extract_failed,0,0,0
0x18afe0,FUN_0018afe0,stubbable,scenario.obj,not_applicable,lifted_extract_failed,0,0,0
0x18b000,FUN_0018B000,data_only,scenario.obj,not_applicable,lifted_extract_failed,0,0,0
0x18b080,FUN_0018b080,stubbable,scenario.obj,pass,,50,50,0
0x18b130,FUN_0018b130,stubbable,scenario.obj,pass,,50,50,0
0x18b610,FUN_0018b610,leaf,scenario.obj,pass,,50,50,0
0x18b6b0,FUN_0018b6b0,leaf,scenario.obj,pass,,50,50,0
0x18b930,FUN_0018b930,leaf,scenario.obj,pass,,50,50,0
0x18c0b0,scenario_leaf_index_from_point,stubbable,scenario.obj,pass,,50,50,0
0x18c4d0,FUN_0018c4d0,stubbable,scenario.obj,pass,,50,50,0
0x18c580,FUN_0018c580,leaf,scenario.obj,pass,,50,50,0
0x18d0b0,scenario_fog_region_get_fog_index,stubbable,scenario.obj,pass,,50,50,0
0x18d2c0,FUN_0018d2c0,stubbable,scenario.obj,pass,,50,50,0
0x18d360,FUN_0018d360,stubbable,scenario.obj,pass,,50,50,0
0x18df70,FUN_0018df70,stubbable,scenario.obj,pass,,50,50,0
0x18e140,FUN_0018e140,stubbable,scenario.obj,pass,,50,50,0
0x18e3b0,FUN_0018e3b0,data_only,scenario.obj,pass,,50,50,0
0x18e5c0,FUN_0018e5c0,stubbable,scenario.obj,pass,,50,50,0
0x18e690,FUN_0018e690,data_only,scenario.obj,pass,,50,50,0
0x18e6a0,FUN_0018e6a0,data_only,scenario.obj,pass,,50,50,0
0x18e770,FUN_0018e770,stubbable,scenario.obj,pass,,50,50,0
0x18e7d0,FUN_0018e7d0,stubbable,scenario.obj,pass,,50,50,0
0x18e800,scenario_ensure_point_within_world,stubbable,scenario.obj,pass,,50,50,0
0x18e8a0,scenario_get_fog_region_index,stubbable,scenario.obj,pass,,50,50,0
0x18e9b0,scenario_location_potentially_visible,stubbable,scenario.obj,pass,,50,50,0
0x18ecd0,FUN_0018ecd0,stubbable,scenario.obj,pass,,50,50,0
0x18ed20,FUN_0018ed20,stubbable,scenario.obj,pass,,50,50,0
0x18ed90,FUN_0018ed90,stubbable,scenario.obj,pass,,50,50,0
0x18ef00,FUN_0018ef00,stubbable,scenario.obj,pass,,50,50,0
0x18f230,FUN_0018f230,leaf,scenario.obj,pass,,50,50,0
0x18f3e0,FUN_0018f3e0,stubbable,scenario.obj,pass,,50,50,0
0x18fb20,FUN_0018fb20,leaf,scenario.obj,pass,,50,50,0
0x18fef0,FUN_0018fef0,data_only,scenario.obj,pass,,50,50,0
0x1c8990,sound_classes_initialize,data_only,sound_classes.obj,pass,,50,50,0
0x1c89b0,sound_classes_dispose_from_old_map,leaf,sound_classes.obj,pass,,50,50,0
0x1c89c0,sound_classes_dispose,data_only,sound_classes.obj,pass,,50,50,0
0x1c8a40,debug_sound_classes_enable,data_only,sound_classes.obj,pass,,50,50,0
0x1c8a90,debug_sound_classes_set_distances,data_only,sound_classes.obj,pass,,50,50,0
0x1c8ae0,debug_sound_classes_set_wet,data_only,sound_classes.obj,pass,,50,50,0
0x1c9130,sound_dsound_gain_to_volume,data_only,sound_dsound_xbox.obj,fail,divergence,49,50,0
0x1c91c0,sound_dsound_pitch_to_frequency,stubbable,sound_dsound_xbox.obj,pass,,50,50,0
0x1c9290,sound_dsound_channel_get,data_only,sound_dsound_xbox.obj,pass,,50,50,0
0x1c92f0,sound_dsound_vchannel_get,data_only,sound_dsound_xbox.obj,pass,,50,50,0
0x1c94d0,sound_dsound_channel_update_3d,stubbable,sound_dsound_xbox.obj,fail,divergence,0,50,0
0x1c9600,sound_dsound_channel_stop_check,stubbable,sound_dsound_xbox.obj,pass,,29,50,0
0x1c98f0,sound_dsound_log_error,stubbable,sound_dsound_xbox.obj,pass,,50,50,0
0x1c99a0,sound_dsound_channel_try_resolve,stubbable,sound_dsound_xbox.obj,pass,,50,50,0
0x1ca5e0,sound_dsound_update_channel_properties,data_only,sound_dsound_xbox.obj,fail,divergence,19,50,0
0x1c9230,dsound_angle_from_angle,stubbable,sound_dsound_xbox.obj,fail,divergence,46,50,0
0x1c9250,dsound_occlusion_from_occlusion,data_only,sound_dsound_xbox.obj,fail,divergence,13,50,0
0x1c9270,dsound_obstruction_from_obstruction,data_only,sound_dsound_xbox.obj,fail,divergence,13,50,0
0x1c9350,sound_dsound_set_last_error,data_only,sound_dsound_xbox.obj,pass,,50,50,0
0x1c9bf0,sound_dsound_channel_release,stubbable,sound_dsound_xbox.obj,fail,divergence,0,50,0
0x1c9e20,FUN_001c9e20,stubbable,sound_dsound_xbox.obj,pass,,50,50,0
0x1ca130,FUN_001ca130,data_only,sound_dsound_xbox.obj,pass,,50,50,0
0x1ca2b0,FUN_001ca2b0,data_only,sound_dsound_xbox.obj,pass,,49,50,0
0x1cb0c0,FUN_001cb0c0,stubbable,sound_dsound_xbox.obj,fail,divergence,0,50,0
0x1ac2f0,sound_object_apply_pitch_delta,stubbable,sound_manager.obj,pass,,50,50,0
0x1be090,sound_cache_sound_finished,stubbable,sound_manager.obj,pass,,90,90,0
0x1c7b00,sound_pitch_push_sample,stubbable,sound_manager.obj,pass,,50,50,0
0x1c88c0,sound_class_get_definition,data_only,sound_manager.obj,pass,,50,50,0
0x1c8d10,sound_get_default_priority,data_only,sound_manager.obj,pass,,50,50,0
0x1c8d50,sound_class_get_min_distance,data_only,sound_manager.obj,pass,,50,50,0
0x1c8de0,sound_select_pitch_range,stubbable,sound_manager.obj,pass,,26,50,0
0x1c8f80,sound_select_permutation,stubbable,sound_manager.obj,pass,,90,90,0
0x1cb790,sound_valid_for_channel,leaf,sound_manager.obj,pass,,50,50,0
0x1cb810,sound_initialize_for_new_map,leaf,sound_manager.obj,pass,,50,50,0
0x1cb8a0,sound_set_music_enabled,stubbable,sound_manager.obj,pass,,50,50,0
0x1cb8e0,sound_render_time,data_only,sound_manager.obj,pass,,50,50,0
0x1cba20,sound_can_play,stubbable,sound_manager.obj,pass,,90,90,0
0x1cba80,sound_channel_get,data_only,sound_manager.obj,pass,,50,50,0
0x1cbb00,sound_check_promotion,data_only,sound_manager.obj,pass,,90,90,0
0x1cbd30,sound_collect_like_sounds,stubbable,sound_manager.obj,fail,divergence,0,50,0
0x1cbf30,sound_channel_start_new,data_only,sound_manager.obj,pass,,34,50,0
0x1cc050,sound_channel_update_status,data_only,sound_manager.obj,pass,,33,50,0
0x1cc140,sound_channel_stop,data_only,sound_manager.obj,pass,,35,50,0
0x1cc310,sound_update_channel_attenuation,stubbable,sound_manager.obj,pass,,50,50,0
0x1cc490,sound_volume_crossfade,data_only,sound_manager.obj,pass,,50,50,0
0x1cc8c0,sound_compute_random_scale,stubbable,sound_manager.obj,pass,,50,50,0
0x1cca60,sound_stop_channel,stubbable,sound_manager.obj,fail,divergence,0,50,0
0x1ccd70,sound_find_oldest_channel,stubbable,sound_manager.obj,fail,divergence,49,50,0
0x1ccf80,sound_update_channel,data_only,sound_manager.obj,fail,divergence,83,85,0
0x1cd2c0,sound_start_next_looping_permutation,stubbable,sound_manager.obj,pass,,50,50,0
0x1cd450,sound_stop_impulse,stubbable,sound_manager.obj,pass,,65,65,0
0x1cda50,sound_create_looping_entry,stubbable,sound_manager.obj,pass,,26,50,0
0x1cdc30,sound_update_music_channel,data_only,sound_manager.obj,pass,,8,50,0
0x1ce180,sound_start,stubbable,sound_manager.obj,pass,,50,50,0
0x1ceda0,sound_update_music,data_only,sound_manager.obj,pass,,50,50,0
0x1cf2f0,sound_idle,stubbable,sound_manager.obj,error,emulation_error,0,50,0
0x1cf640,sound_dispose_from_old_map,stubbable,sound_manager.obj,pass,,50,50,0
0x92d60,stack_walk,leaf,stack_walk_windows.obj,error,emulation_error,0,50,0
0x92370,FUN_00092370,data_only,stack_walk_windows.obj,not_applicable,lifted_extract_failed,0,0,0
0x92440,stack_walk_dispose,data_only,stack_walk_windows.obj,pass,,50,50,0
0x92460,stack_walk_with_context,data_only,stack_walk_windows.obj,error,emulation_error,0,50,0
0x92710,load_symbol_table,stubbable,stack_walk_windows.obj,fail,divergence,0,50,0
0x92d30,stack_walk_initialize,data_only,stack_walk_windows.obj,pass,,50,50,0
0x19b0d0,tag_name_strip_path,stubbable,tag_groups.obj,pass,,50,50,0
0x1b9a90,tag_block_resize,stubbable,tag_groups.obj,pass,,50,50,0
0x1b9ab0,tag_data_resize,stubbable,tag_groups.obj,pass,,50,50,0
0x1b9ad0,tag_block_add_element,stubbable,tag_groups.obj,pass,,50,50,0
0x19b1a0,tag_data_get_pointer,stubbable,tag_groups.obj,pass,,50,50,0
0x19b120,verify_tag_reference,stubbable,tag_groups.obj,pass,,50,50,0
0x19b320,FUN_0019b320,leaf,tag_groups.obj,pass,,50,50,0
0x19b330,FUN_0019B330,stubbable,tag_groups.obj,pass,,50,50,0
0x19b3a0,FUN_0019b3a0,data_only,tag_groups.obj,pass,,50,50,0
0x19b3b0,FUN_0019b3b0,leaf,tag_groups.obj,pass,,50,50,0
0x1b9b00,FUN_001b9b00,stubbable,tag_groups.obj,pass,,50,50,0
0x1b9b30,FUN_001b9b30,stubbable,tag_groups.obj,pass,,50,50,0
0x1b9b50,FUN_001b9b50,stubbable,tag_groups.obj,pass,,50,50,0
0x1b9b60,FUN_001b9b60,leaf,tag_groups.obj,pass,,50,50,0
0x1b9b80,FUN_001b9b80,data_only,tag_groups.obj,pass,,90,90,0
0x1b9930,tag_loaded,stubbable,tags.obj,pass,,50,50,0
0x1937d0,structure_bsp_get_cluster_encoded_sound_data,stubbable,structure_bsp_definitions.obj,pass,,50,50,0
0x61ca0,FUN_00061ca0,stubbable,structures.obj,pass,,50,50,0
0x61d80,FUN_00061d80,leaf,structures.obj,pass,,50,50,1
0x61da0,FUN_00061da0,leaf,structures.obj,pass,,50,50,1
0x61dc0,FUN_00061dc0,leaf,structures.obj,pass,,50,50,0
0x61df0,FUN_00061df0,leaf,structures.obj,fail,divergence,48,50,0
0x61e80,FUN_00061e80,leaf,structures.obj,pass,,50,50,0
0x61ec0,FUN_00061ec0,leaf,structures.obj,pass,,50,50,0
0x61f10,FUN_00061f10,data_only,structures.obj,pass,,50,50,0
0x61fa0,FUN_00061fa0,data_only,structures.obj,fail,divergence,47,50,0
0x62020,FUN_00062020,leaf,structures.obj,pass,,50,50,0
0x62410,FUN_00062410,leaf,structures.obj,pass,,50,50,0
0x625a0,FUN_000625a0,leaf,structures.obj,pass,,50,50,0
0x628b0,FUN_000628b0,leaf,structures.obj,pass,,50,50,0
0x99070,FUN_00099070,data_only,structures.obj,pass,,50,50,0
0x99220,FUN_00099220,leaf,structures.obj,fail,divergence,0,50,0
0x18e420,FUN_0018e420,stubbable,structures.obj,pass,,50,50,0
0x1913c0,reference_list_remove,leaf,structures.obj,error,timeout,0,0,0
0x191440,reference_list_copy,stubbable,structures.obj,pass,,80,80,0
0x191500,cluster_partition_globals_new,stubbable,structures.obj,pass,,50,50,0
0x1915d0,cluster_partition_clear,stubbable,structures.obj,pass,,50,50,0
0x191600,cluster_partition_dispose,stubbable,structures.obj,pass,,48,50,0
0x191630,cluster_partition_null_references,leaf,structures.obj,pass,,50,50,1
0x191660,cluster_partition_iter_next,stubbable,structures.obj,pass,,49,50,0
0x191690,FUN_00191690,stubbable,structures.obj,pass,,49,50,0
0x1916d0,FUN_001916d0,stubbable,structures.obj,pass,,50,50,0
0x191700,cluster_partition_copy,stubbable,structures.obj,pass,,48,50,0
0x191750,FUN_00191750,stubbable,structures.obj,pass,,50,50,0
0x1919a0,cluster_partition_remove_object,leaf,structures.obj,pass,,50,50,0
0x191a50,cluster_partition_iter_first,stubbable,structures.obj,pass,,50,50,0
0x191ad0,leaf_map_node_stack_push,stubbable,structures.obj,pass,,50,50,0
0x191ba0,FUN_00191ba0,stubbable,structures.obj,pass,,50,50,0
0x191bd0,FUN_00191bd0,data_only,structures.obj,pass,,50,50,0
0x191c70,FUN_00191c70,leaf,structures.obj,pass,,27,50,0
0x191cb0,leaf_map_mark_portal_designators,stubbable,structures.obj,pass,,50,50,0
0x191d80,FUN_00191d80,stubbable,structures.obj,pass,,50,50,0
0x191de0,FUN_00191de0,stubbable,structures.obj,pass,,50,50,0
0x191e90,FUN_00191e90,stubbable,structures.obj,pass,,50,50,0
0x191ff0,FUN_00191ff0,stubbable,structures.obj,pass,,50,50,0
0x192390,FUN_00192390,stubbable,structures.obj,pass,,50,50,0
0x1926a0,FUN_001926a0,stubbable,structures.obj,pass,,90,90,0
0x192710,FUN_00192710,stubbable,structures.obj,error,mem-limit,0,0,0
0x193970,structure_detail_objects_initialize,stubbable,structures.obj,pass,,50,50,0
0x193bb0,structure_detail_objects_initialize_for_new_map,stubbable,structures.obj,pass,,50,50,0
0x194070,FUN_00194070,stubbable,structures.obj,pass,,50,50,0
0x194360,FUN_00194360,leaf,structures.obj,pass,,50,50,0
0x194380,FUN_00194380,stubbable,structures.obj,error,timeout,0,0,0
0x1943e0,build_structure_lens_flares,stubbable,structures.obj,pass,,50,50,0
0x1954d0,FUN_001954d0,stubbable,structures.obj,pass,,50,50,0
0x195530,FUN_00195530,leaf,structures.obj,pass,,50,50,0
0x195550,FUN_00195550,stubbable,structures.obj,pass,,50,50,0
0x195650,FUN_00195650,stubbable,structures.obj,pass,,26,50,0
0x1956d0,FUN_001956d0,stubbable,structures.obj,pass,,50,50,0
0x195790,FUN_00195790,stubbable,structures.obj,pass,,50,50,0
0x1959f0,FUN_001959f0,stubbable,structures.obj,pass,,50,50,0
0x195b10,FUN_00195b10,stubbable,structures.obj,pass,,50,50,0
0x196fd0,FUN_00196fd0,stubbable,structures.obj,pass,,90,90,0
0x197130,FUN_00197130,stubbable,structures.obj,pass,,50,50,0
0x197310,FUN_00197310,stubbable,structures.obj,fail,divergence,42,50,0
0x1974f0,FUN_001974f0,stubbable,structures.obj,fail,divergence,10,50,0
0x197570,FUN_00197570,leaf,structures.obj,pass,,50,50,0
0x1975e0,FUN_001975e0,stubbable,structures.obj,pass,,50,50,0
0x1978a0,FUN_001978a0,stubbable,structures.obj,fail,divergence,15,50,0
0x197e90,FUN_00197e90,stubbable,structures.obj,pass,,85,90,0
0x198070,FUN_00198070,stubbable,structures.obj,pass,,50,50,0
0x198180,render_structure_visibility,stubbable,structures.obj,error,emulation_error,0,50,0
0x1983c0,structures_initialize,leaf,structures.obj,pass,,50,50,0
0x1954e0,FUN_001954e0,stubbable,structure_render.obj,pass,,50,50,0
0x193910,FUN_00193910,data_only,structure_detail_objects.obj,pass,,50,50,0
0x1939f0,FUN_001939f0,data_only,structure_detail_objects.obj,pass,,50,50,0
0x193b80,FUN_00193b80,leaf,structure_detail_objects.obj,pass,,50,50,0
0x193a80,FUN_00193a80,leaf,structure_detail_objects.obj,pass,,50,50,0
0x193b00,FUN_00193b00,leaf,structure_detail_objects.obj,pass,,50,50,0
0x1963c0,FUN_001963c0,stubbable,structure_runtime_decals.obj,pass,,50,50,0
0x1965d0,debug_pvs,data_only,structure_visibility.obj,pass,,50,50,0
0x1965f0,structure_visibility_find_camera,stubbable,structure_visibility.obj,error,timeout,0,0,0
0x1966b0,FUN_001966b0,stubbable,structure_visibility.obj,pass,,50,50,0
0x196850,FUN_00196850,stubbable,structure_visibility.obj,not_applicable,oracle_truncated,0,0,0
0x197b00,FUN_00197b00,stubbable,structure_visibility.obj,pass,,50,50,0
0x130980,telnet_console_initialize,stubbable,telnet_console.obj,pass,,50,50,0
0x130a60,telnet_console_dispose,stubbable,telnet_console.obj,pass,,50,50,0
0x130d60,telnet_console_process,stubbable,telnet_console.obj,pass,,50,50,0
0xe34a0,terminal_show,stubbable,terminal.obj,pass,,50,50,0
0xe34e0,terminal_open,stubbable,terminal.obj,pass,,50,50,0
0xe3560,terminal_dispose,data_only,terminal.obj,pass,,50,50,0
0xe3410,terminal_remove_line,stubbable,terminal.obj,pass,,50,50,0
0xe3580,terminal_process_input,stubbable,terminal.obj,pass,,50,50,0
0xe3640,terminal_age_lines,data_only,terminal.obj,error,timeout,0,0,0
0xe3940,terminal_get_line,data_only,terminal.obj,pass,,50,50,0
0xe39e0,terminal_update,stubbable,terminal.obj,pass,,50,50,0
0xe3a10,terminal_output,stubbable,terminal.obj,pass,,50,50,0
0xe3690,terminal_draw,stubbable,terminal.obj,pass,,50,50,0
0x7f570,tiff_get_bounds,stubbable,tiff_file.obj,pass,,50,50,0
0x7fa00,tiff_import,stubbable,tiff_file.obj,pass,,50,50,0
0x81630,thread_new,stubbable,thread_win32.obj,error,emulation_error,0,50,0
0x81720,thread_is_done,stubbable,thread_win32.obj,error,emulation_error,0,50,0
0x81770,thread_close,stubbable,thread_win32.obj,pass,,10,50,0
0x81870,take_mutex,stubbable,thread_win32.obj,error,emulation_error,0,50,0
0x818d0,release_mutex,stubbable,thread_win32.obj,error,emulation_error,0,50,0
0x81e00,FUN_00081e00,stubbable,transport_endpoint_set_winsock.obj,not_applicable,oracle_extract_failed,0,0,0
0x82300,transport_network_available,stubbable,transport_endpoint_set_winsock.obj,pass,,50,50,0
0x82b30,FUN_00082b30,stubbable,transport_endpoint_set_winsock.obj,pass,,50,50,0
0x831a0,FUN_000831a0,stubbable,transport_endpoint_set_winsock.obj,pass,,50,50,0
0xe3c80,ui_widgets_safe_to_load,leaf,ui_widget.obj,pass,,50,50,0
0xe3d20,ui_widget_realloc,stubbable,ui_widget.obj,pass,,50,50,0
0xe3e10,ui_widget_set_events_suppressed,stubbable,ui_widget.obj,pass,,50,50,0
0xe43f0,ui_widget_is_main_menu_loaded,stubbable,ui_widget.obj,pass,,50,50,0
0xe4480,ui_widget_initialization_in_progress,data_only,ui_widget.obj,pass,,50,50,0
0xe44d0,display_error_when_main_menu_loaded,data_only,ui_widget.obj,pass,,50,50,0
0xe45d0,ui_widget_start_title_music,stubbable,ui_widget.obj,pass,,50,50,0
0xe4640,ui_widget_stop_attract_mode,stubbable,ui_widget.obj,pass,,50,50,0
0xe46a0,ui_widget_get_attract_mode_flag,data_only,ui_widget.obj,pass,,50,50,0
0xe46b0,ui_widgets_disable_pause_game,stubbable,ui_widget.obj,pass,,50,50,0
0xe4910,ui_widget_find_by_tag,leaf,ui_widget.obj,pass,,3,50,1
0xe5620,ui_widget_close,data_only,ui_widget.obj,pass,,50,50,0
0xe6980,ui_widget_begin_filesystem_checks,stubbable,ui_widget.obj,pass,,50,50,0
0xe78e0,render_ui_widgets,stubbable,ui_widget.obj,pass,,50,50,0
0xe84e0,ui_widget_load_by_name_or_tag,stubbable,ui_widget.obj,pass,,50,50,0
0xe8910,ui_widget_display_error,stubbable,ui_widget.obj,pass,,50,50,0
0xe8c90,ui_widget_load_error_screen,data_only,ui_widget.obj,error,emulation_error,0,50,0
0xe9080,ui_widgets_process_pause,stubbable,ui_widget.obj,pass,,50,50,0
0xe9450,process_ui_widgets,stubbable,ui_widget.obj,pass,,50,50,0
0xe98b0,ui_widget_clear_last_error_index,data_only,ui_widget.obj,pass,,50,50,0
0xf0a30,ui_widget_game_data_function_invoke,stubbable,ui_widget_game_data_input_functions.obj,pass,,43,50,0
0xf0ea0,ui_widget_game_data_build_version,stubbable,ui_widget_game_data_input_functions.obj,pass,,50,50,0
0xf46e0,FUN_000f46e0,leaf,ui_widget_game_data_input_functions.obj,pass,,50,50,0
0xf5290,ui_widget_text_search_and_replace_function_invoke,stubbable,ui_widget_text_search_and_replace_functions.obj,pass,,48,50,0
0x19e9f0,unicode_sprintf,stubbable,unicode.obj,pass,,50,50,0
0x1a03c0,FUN_001a03c0,stubbable,bipeds.obj,pass,,50,50,0
0x1a07c0,biped_place,stubbable,bipeds.obj,pass,,50,50,0
0x1a0800,biped_reset,stubbable,bipeds.obj,pass,,50,50,0
0x1a0860,biped_disconnect_from_structure_bsp,stubbable,bipeds.obj,pass,,50,50,0
0x1a0890,biped_get_camera_height_and_offset,stubbable,bipeds.obj,pass,,50,50,0
0x1a0950,biped_stop_melee_attack,stubbable,bipeds.obj,pass,,50,50,0
0x1a0970,biped_start_limp_body_physics,stubbable,bipeds.obj,pass,,50,50,0
0x1a09f0,biped_stop_limp_body_physics,stubbable,bipeds.obj,pass,,50,50,0
0x1a0a40,FUN_001a0a40,stubbable,bipeds.obj,pass,,50,50,0
0x1a0be0,FUN_001a0be0,stubbable,bipeds.obj,pass,,50,50,0
0x1a0f10,FUN_001a0f10,stubbable,bipeds.obj,pass,,60,60,0
0x1a1020,biped_adjust_placement,stubbable,bipeds.obj,pass,,50,50,0
0x1a1080,biped_export_function_values,stubbable,bipeds.obj,pass,,50,50,0
0x1a1140,biped_estimate_position,stubbable,bipeds.obj,pass,,50,50,0
0x1a12e0,biped_get_autoaim_pill,stubbable,bipeds.obj,pass,,50,50,0
0x1a1900,biped_render_debug,stubbable,bipeds.obj,pass,,50,50,0
0x1a1bc0,biped_find_pathfinding_surface_index,stubbable,bipeds.obj,pass,,50,50,0
0x1a1fb0,FUN_001a1fb0,stubbable,bipeds.obj,pass,,50,50,0
0x1a2440,FUN_001a2440,stubbable,bipeds.obj,pass,,50,50,0
0x1a2800,FUN_001a2800,stubbable,bipeds.obj,pass,,50,50,0
0x1a2900,FUN_001a2900,stubbable,bipeds.obj,fail,divergence,0,50,0
0x1a2b90,FUN_001a2b90,stubbable,bipeds.obj,pass,,50,50,0
0x8dc30,FUN_0008dc30,leaf,units.obj,pass,,50,50,0
0x122a50,FUN_00122a50,stubbable,units.obj,pass,,90,90,0
0x122e50,FUN_00122e50,stubbable,units.obj,pass,,90,90,0
0x123470,FUN_00123470,stubbable,units.obj,pass,,26,50,0
0x1234b0,FUN_001234b0,stubbable,units.obj,pass,,36,50,0
0x1a6280,FUN_001a6280,stubbable,units.obj,pass,,50,50,0
0x1a6350,FUN_001a6350,stubbable,units.obj,pass,,50,50,0
0x1a67b0,FUN_001a67b0,data_only,units.obj,pass,,50,50,0
0x1a6870,FUN_001a6870,stubbable,units.obj,pass,,50,50,0
0x1a68d0,FUN_001a68d0,stubbable,units.obj,pass,,50,50,0
0x1a6bf0,FUN_001a6bf0,stubbable,units.obj,pass,,50,50,0
0x1a6ca0,FUN_001a6ca0,data_only,units.obj,pass,,50,50,0
0x1a6d10,FUN_001a6d10,stubbable,units.obj,pass,,50,50,0
0x1a6e20,FUN_001a6e20,stubbable,units.obj,pass,,50,50,0
0x1a6ef0,FUN_001a6ef0,stubbable,units.obj,pass,,50,50,0
0x1a70d0,FUN_001a70d0,stubbable,units.obj,pass,,50,50,0
0x1a74d0,FUN_001a74d0,stubbable,units.obj,pass,,39,50,0
0x1a7730,FUN_001a7730,stubbable,units.obj,pass,,50,50,0
0x1a7790,FUN_001a7790,stubbable,units.obj,pass,,50,50,0
0x1a7a90,FUN_001a7a90,stubbable,units.obj,pass,,50,50,0
0x1a7ad0,FUN_001a7ad0,stubbable,units.obj,error,timeout,0,0,0
0x1a7b50,FUN_001a7b50,stubbable,units.obj,pass,,50,50,0
0x1a7cc0,FUN_001a7cc0,stubbable,units.obj,pass,,50,50,0
0x1a7d00,FUN_001a7d00,stubbable,units.obj,pass,,50,50,0
0x1a7d40,FUN_001a7d40,stubbable,units.obj,pass,,50,50,0
0x1a7d80,FUN_001a7d80,stubbable,units.obj,pass,,50,50,0
0x1a7df0,FUN_001a7df0,stubbable,units.obj,pass,,3,50,0
0x1a7e70,FUN_001a7e70,stubbable,units.obj,pass,,50,50,0
0x1a7f80,unit_set_actively_controlled_flag,stubbable,units.obj,pass,,50,50,0
0x1a7fa0,unit_kill,stubbable,units.obj,pass,,50,50,0
0x1a7fc0,unit_delete,stubbable,units.obj,pass,,50,50,0
0x1a8010,unit_export_function_values,stubbable,units.obj,error,emulation_error,0,50,0
0x1a8190,unit_persistent_control,stubbable,units.obj,pass,,50,50,0
0x1a83e0,unit_get_melee_range_and_ticks,stubbable,units.obj,pass,,50,50,0
0x1a84c0,unit_get_animation_frames_remaining,stubbable,units.obj,pass,,50,50,0
0x1a8550,FUN_001a8550,data_only,units.obj,pass,,50,50,0
0x1a8690,unit_get_zoom_level,stubbable,units.obj,pass,,50,50,0
0x1a86b0,FUN_001a86b0,leaf,units.obj,pass,,48,50,0
0x1a8730,FUN_001a8730,leaf,units.obj,pass,,48,50,0
0x1a8790,FUN_001a8790,leaf,units.obj,pass,,48,50,0
0x1a87f0,FUN_001a87f0,leaf,units.obj,pass,,50,50,0
0x1a8850,FUN_001a8850,leaf,units.obj,pass,,48,50,0
0x1a88b0,FUN_001a88b0,leaf,units.obj,not_applicable,oracle_truncated,0,0,0
0x1a8990,unit_animation_start_action,stubbable,units.obj,pass,,46,50,0
0x1a8b20,FUN_001a8b20,stubbable,units.obj,pass,,46,50,0
0x1a8ce0,unit_find_nearby_seat,stubbable,units.obj,error,timeout,0,0,0
0x1a8da0,unit_impulse,stubbable,units.obj,pass,,50,50,0
0x1a8e10,unit_handle_weapon_state_change,leaf,units.obj,pass,,47,50,0
0x1a8ee0,unit_record_damage,stubbable,units.obj,pass,,50,50,0
0x1a9130,unit_test_spawning,stubbable,units.obj,fail,divergence,0,50,0
0x1a91e0,unit_destroy,stubbable,units.obj,pass,,1,50,0
0x1a9200,unit_get_head_position,stubbable,units.obj,pass,,50,50,0
0x1a9240,unit_set_seat_state,stubbable,units.obj,pass,,50,50,0
0x1a93e0,unit_estimate_position,stubbable,units.obj,pass,,50,50,0
0x1a96f0,unit_animation_state_allows_impulse,stubbable,units.obj,pass,,50,50,0
0x1a97c0,unit_test_animation_impulse,stubbable,units.obj,pass,,50,50,0
0x1a9880,unit_get_aiming_unit_index,stubbable,units.obj,pass,,50,50,0
0x1a9900,unit_scripting_unit_driver,stubbable,units.obj,pass,,50,50,0
0x1a9930,unit_scripting_unit_gunner,stubbable,units.obj,pass,,50,50,0
0x1a9960,units_debug_get_closest_unit,stubbable,units.obj,pass,,50,50,0
0x1a9980,unit_inventory_next_grenade,stubbable,units.obj,pass,,50,50,0
0x1a9a30,unit_is_alive,stubbable,units.obj,pass,,50,50,0
0x1a9a90,unit_set_possessed,stubbable,units.obj,pass,,50,50,0
0x1a9ad0,unit_is_busy,stubbable,units.obj,pass,,50,50,0
0x1a9b30,unit_scripting_set_emotion_animation,stubbable,units.obj,pass,,50,50,0
0x1a9b80,unit_scripting_suspended,stubbable,units.obj,pass,,50,50,0
0x1a9c00,unit_scripting_can_blink,stubbable,units.obj,pass,,50,50,0
0x1a9c40,unit_scripting_doesnt_drop_items,stubbable,units.obj,pass,,50,50,0
0x1a9c90,FUN_001a9c90,stubbable,units.obj,pass,,50,50,0
0x1a9da0,unit_scripting_vehicle_test_seat,stubbable,units.obj,pass,,50,50,0
0x1a9ec0,FUN_001a9ec0,stubbable,units.obj,pass,,50,50,0
0x1a9ef0,FUN_001a9ef0,stubbable,units.obj,pass,,50,50,0
0x1a9f20,FUN_001a9f20,stubbable,units.obj,pass,,50,50,0
0x1aa080,units_debug_get_next_unit,stubbable,units.obj,pass,,50,50,0
0x1aa170,FUN_001AA170,stubbable,units.obj,pass,,50,50,0
0x1aa240,unit_debug_ninja_rope,stubbable,units.obj,pass,,50,50,0
0x1aa360,FUN_001aa360,stubbable,units.obj,pass,,50,50,0
0x1aa430,FUN_001aa430,stubbable,units.obj,pass,,50,50,0
0x1aa510,FUN_001aa510,stubbable,units.obj,pass,,50,50,0
0x1aa550,unit_set_desired_flashlight_state,stubbable,units.obj,pass,,50,50,0
0x1aa590,unit_get_current_flashlight_state,stubbable,units.obj,pass,,50,50,0
0x1aa5c0,unit_detach_from_parent,stubbable,units.obj,pass,,50,50,0
0x1aa700,unit_seat_filled,stubbable,units.obj,pass,,50,50,0
0x1aa770,unit_seat_is_driver,stubbable,units.obj,pass,,50,50,0
0x1aa7d0,unit_seat_is_gunner,stubbable,units.obj,pass,,50,50,0
0x1aa830,unit_seat_allow_noncombatants,stubbable,units.obj,pass,,50,50,0
0x1aa890,unit_update_seat_occupancy,stubbable,units.obj,error,timeout,0,0,0
0x1aa970,unit_get_equipment,stubbable,units.obj,pass,,50,50,0
0x1aaa90,unit_set_grenade_count,stubbable,units.obj,pass,,50,50,0
0x1aab20,unit_pickup_equipment,stubbable,units.obj,pass,,50,50,0
0x1aac80,unit_clear_weapons,stubbable,units.obj,error,timeout,0,0,0
0x1aad00,unit_has_weapon_definition_index,stubbable,units.obj,pass,,50,50,0
0x1aad90,unit_count_weapons,stubbable,units.obj,pass,,50,50,0
0x1aae00,unit_weapon_is_new,stubbable,units.obj,pass,,50,50,0
0x1aae70,unit_get_grenade_count,stubbable,units.obj,pass,,50,50,0
0x1aaee0,unit_get_current_grenade_type,stubbable,units.obj,pass,,50,50,0
0x1aaf40,FUN_001aaf40,stubbable,units.obj,pass,,50,50,0
0x1ab110,FUN_001ab110,stubbable,units.obj,pass,,50,50,0
0x1ab410,unit_aiming_vector,stubbable,units.obj,pass,,50,50,0
0x1ab6e0,FUN_001ab6e0,leaf,units.obj,pass,,50,50,0
0x1ab730,FUN_001ab730,leaf,units.obj,pass,,50,50,0
0x1ab770,FUN_001ab770,data_only,units.obj,pass,,50,50,0
0x1ab7c0,unit_set_animation,stubbable,units.obj,pass,,50,50,0
0x1ab870,FUN_001ab870,stubbable,units.obj,pass,,21,50,0
0x1ab8c0,FUN_001ab8c0,stubbable,units.obj,pass,,50,50,0
0x1ab940,FUN_001ab940,leaf,units.obj,pass,,50,50,0
0x1ab990,unit_detach_weapon,stubbable,units.obj,pass,,50,50,0
0x1abb20,unit_drop_grenades_on_death,stubbable,units.obj,pass,,50,50,0
0x1abbd0,unit_drop_weapons_on_death,stubbable,units.obj,pass,,50,50,0
0x1abcd0,unit_handle_region_destroyed,stubbable,units.obj,pass,,24,50,0
0x1abd10,FUN_001abd10,stubbable,units.obj,pass,,50,50,0
0x1ac3f0,unit_has_weapon_with_flag,stubbable,units.obj,pass,,50,50,0
0x1ac450,unit_start_running_blindly,stubbable,units.obj,pass,,50,50,0
0x1ac520,unit_stop_running_blindly,stubbable,units.obj,pass,,50,50,0
0x1ac550,unit_flame_to_death,stubbable,units.obj,pass,,50,50,0
0x1ac650,unit_flying_through_air,stubbable,units.obj,pass,,50,50,0
0x1acb70,unit_adjust_plan_overlap,data_only,units.obj,pass,,50,50,0
0x1acd70,FUN_001acd70,stubbable,units.obj,pass,,50,50,0
0x1acf90,unit_adjust_projectile_ray,stubbable,units.obj,pass,,45,50,0
0x1ad060,unit_render_debug,stubbable,units.obj,pass,,50,50,0
0x1ad7e0,unit_abort_animation,stubbable,units.obj,error,emulation_error,0,50,0
0x1ad800,unit_find_best_enter_seat,stubbable,units.obj,pass,,50,50,0
0x1ada90,unit_clip_to_aiming_bounds,stubbable,units.obj,pass,,50,50,0
0x1adeb0,unit_get_weapon,stubbable,units.obj,pass,,50,50,0
0x1adf10,unit_set_actively_controlled,stubbable,units.obj,pass,,48,50,0
0x1adfc0,vehicle_scripting_find_available_seats,stubbable,units.obj,pass,,74,80,0
0x1ae160,unit_open,stubbable,units.obj,pass,,2,50,0
0x1ae180,unit_close,stubbable,units.obj,pass,,2,50,0
0x1ae1a0,unit_current_weapon_is_busy,stubbable,units.obj,fail,divergence,0,50,0
0x1ae1e0,unit_set_seat,stubbable,units.obj,pass,,50,50,0
0x1ae210,units_set_desired_flashlight_state,stubbable,units.obj,pass,,50,50,0
0x1ae290,unit_get_seat_label,stubbable,units.obj,pass,,50,50,0
0x1ae330,unit_clear_seat_equipment,stubbable,units.obj,pass,,50,50,0
0x1ae370,unit_can_enter_seat,stubbable,units.obj,pass,,50,50,0
0x1ae3c0,unit_should_swap_weapon,stubbable,units.obj,pass,,50,50,0
0x1ae490,FUN_001ae490,stubbable,units.obj,pass,,50,50,0
0x1ae700,unit_get_weapon_name,stubbable,units.obj,fail,divergence,0,50,0
0x1ae730,scripting_set_magic_base_seat,stubbable,units.obj,pass,,50,50,0
0x1ae750,unit_scripting_set_seat,stubbable,units.obj,pass,,50,50,0
0x1ae780,unit_handle_deleted_object,stubbable,units.obj,pass,,50,50,0
0x1af0d0,unit_stop_custom_animation,stubbable,units.obj,pass,,50,50,0
0x1af100,unit_custom_animation_at_frame,stubbable,units.obj,pass,,50,50,0
0x1af180,unit_apply_alignment_vector,stubbable,units.obj,pass,,50,50,0
0x1af2a0,unit_start_flaming_to_death,stubbable,units.obj,pass,,50,50,0
0x1af340,unit_update_running_blind,stubbable,units.obj,pass,,50,50,0
0x1af620,unit_verify_vectors,stubbable,units.obj,pass,,50,50,0
0x1af6b0,unit_control_trace,stubbable,units.obj,error,emulation_error,0,50,0
0x1afd30,FUN_001afd30,stubbable,units.obj,pass,,50,50,0
0x1b04b0,FUN_001b04b0,stubbable,units.obj,pass,,50,50,0
0x1b0d00,unit_has_animation_to_enter_seat,stubbable,units.obj,pass,,50,50,0
0x1b0d90,FUN_001b0d90,stubbable,units.obj,error,timeout,0,0,0
0x1b1350,unit_get_zoom_magnification,stubbable,units.obj,fail,divergence,0,50,0
0x1b1a20,unit_apply_animation_impulse,stubbable,units.obj,pass,,50,50,0
0x1b1b40,unit_inventory_next_weapon,stubbable,units.obj,fail,divergence,42,50,0
0x1b1c70,unit_leap_begin,stubbable,units.obj,error,emulation_error,0,50,0
0x1b1d00,unit_unsuspecting,stubbable,units.obj,pass,,50,50,0
0x1b1db0,unit_enter_seat,stubbable,units.obj,pass,,50,50,0
0x1b2260,scripting_magic_melee_attack,stubbable,units.obj,error,emulation_error,0,50,0
0x1b24d0,unit_place,stubbable,units.obj,pass,,50,50,0
0x1b2610,unit_solo_player_integrated_night_vision_is_active,stubbable,units.obj,pass,,50,50,0
0x1b2660,unit_create_initial_weapons,stubbable,units.obj,pass,,50,50,0
0x1b2740,unit_select_weapon_after_vehicle_exit,stubbable,units.obj,pass,,50,50,0
0x1b2780,FUN_001b2780,stubbable,units.obj,pass,,50,50,0
0x1b2b80,unit_board_vehicle,stubbable,units.obj,error,timeout,0,0,0
0x1b2dd0,unit_exit_seat_end,stubbable,units.obj,pass,,50,50,0
0x1b3060,unit_died,stubbable,units.obj,pass,,50,50,0
0x1b32d0,unit_scripting_enter_vehicle,stubbable,units.obj,pass,,50,50,0
0x1b3400,vehicle_scripting_load_magic,stubbable,units.obj,pass,,38,65,0
0x1b3580,unit_try_and_exit_seat,stubbable,units.obj,pass,,50,50,0
0x1b5400,FUN_001b5400,stubbable,vehicles.obj,pass,,50,50,0
0x1b5500,FUN_001b5500,stubbable,vehicles.obj,pass,,50,50,0
0x1b5580,vehicle_causes_collision_damage,stubbable,vehicles.obj,pass,,50,50,0
0x1b5610,FUN_001b5610,stubbable,vehicles.obj,pass,,50,50,0
0x1b5df0,vehicle_get_estimated_position,stubbable,vehicles.obj,not_applicable,oracle_truncated,0,0,0
0x1b7ee0,vehicle_moving_near_any_player,stubbable,vehicles.obj,error,emulation_error,0,50,0
0xa3ef0,weather_particle_systems_initialize,stubbable,weather_particle_systems.obj,pass,,50,50,0
0xa3f20,weather_particle_systems_initialize_for_new_map,data_only,weather_particle_systems.obj,pass,,50,50,0
0xa3f90,weather_particle_systems_dispose_from_old_map,stubbable,weather_particle_systems.obj,pass,,50,50,0
0xa3fb0,weather_particle_systems_dispose,stubbable,weather_particle_systems.obj,pass,,50,50,0
0x136520,widgets_update,data_only,widgets.obj,pass,,50,50,0
0x136450,widgets_render_object_widgets,stubbable,widgets.obj,error,timeout,0,0,0
0x136580,widgets_initialize_for_new_map,leaf,widgets.obj,pass,,50,50,0
0x1365a0,widgets_dispose,data_only,widgets.obj,pass,,50,50,0
0x1365b0,widgets_dispose_from_old_map,leaf,widgets.obj,pass,,50,50,0
0x1bea30,xbox_texture_cache_steal_memory,stubbable,xbox_texture_cache.obj,pass,,50,50,0
0x1beb10,xbox_texture_cache_return_memory,stubbable,xbox_texture_cache.obj,pass,,50,50,0
0x1beba0,bitmap_format_to_d3d_linear_format,leaf,xbox_texture_cache.obj,pass,,50,50,0
0x1bee30,xbox_texture_cache_setup_d3d_texture,stubbable,xbox_texture_cache.obj,fail,divergence,44,90,0
0x1bf180,xbox_texture_cache_request,stubbable,xbox_texture_cache.obj,pass,,50,50,0
0x1bf570,xbox_texture_cache_get_hardware_format,stubbable,xbox_texture_cache.obj,pass,,48,50,0
0x1be920,texture_cache_delete,stubbable,xbox_texture_cache.obj,pass,,50,50,0
0x17ff50,FUN_0017ff50,leaf,rasterizer_text.obj,pass,,50,50,0
0x17ff60,FUN_0017ff60,stubbable,rasterizer_text.obj,pass,,50,50,0
0x17ff80,FUN_0017ff80,data_only,rasterizer_text.obj,pass,,50,50,0
0x17ffa0,FUN_0017ffa0,data_only,rasterizer_text.obj,pass,,50,50,0
0x180500,FUN_00180500,stubbable,rasterizer_text.obj,pass,,50,50,0
0x180570,FUN_00180570,stubbable,rasterizer_text.obj,pass,,50,50,0
0x1805f0,FUN_001805f0,stubbable,rasterizer_text.obj,pass,,50,50,0
0x180660,FUN_00180660,stubbable,rasterizer_text.obj,pass,,50,50,0
0x1806e0,FUN_001806e0,stubbable,rasterizer_text.obj,pass,,50,50,0
0x180820,compress_real_to_int16,data_only,rasterizer_text.obj,fail,divergence,49,50,0
0x180890,FUN_00180890,data_only,rasterizer_text.obj,pass,,50,50,0
0x181150,FUN_00181150,stubbable,rasterizer_text.obj,error,emulation_error,0,50,0
0x181180,FUN_00181180,stubbable,rasterizer_text.obj,pass,,50,50,0
0x1812b0,FUN_001812b0,data_only,rasterizer_text.obj,pass,,50,50,0
0x1812c0,rasterizer_lights_submit,stubbable,rasterizer_text.obj,pass,,50,50,0
0x181410,FUN_00181410,leaf,rasterizer_text.obj,pass,,50,50,0
0x182520,rasterizer_memory_pool_reset,data_only,rasterizer_text.obj,pass,,50,50,0
0x182530,rasterizer_memory_pool_alloc,stubbable,rasterizer_text.obj,pass,,42,50,0
0x182590,rasterizer_memory_pool_copy,stubbable,rasterizer_text.obj,pass,,42,50,0
0x1825d0,FUN_001825d0,leaf,rasterizer_text.obj,pass,,50,50,0
0x1825e0,rasterizer_memory_pool_delete,stubbable,rasterizer_text.obj,pass,,50,50,0
0x182840,rasterizer_xbox_bitmap_swizzle2d_byte,stubbable,rasterizer_text.obj,fail,divergence,32,50,0
0x182910,rasterizer_xbox_bitmap_swizzle2d_word,stubbable,rasterizer_text.obj,fail,divergence,32,50,0
0x1829f0,rasterizer_xbox_bitmap_swizzle2d_long,stubbable,rasterizer_text.obj,fail,divergence,32,50,0
0x182ac0,rasterizer_xbox_bitmap_swizzle3d_byte,stubbable,rasterizer_text.obj,pass,,32,50,0
0x182bd0,rasterizer_xbox_bitmap_swizzle3d_word,stubbable,rasterizer_text.obj,pass,,32,50,0
0x182cf0,rasterizer_xbox_bitmap_swizzle3d_long,stubbable,rasterizer_text.obj,pass,,32,50,0
0x182e00,FUN_00182e00,stubbable,rasterizer_text.obj,pass,,90,90,0
0x183120,FUN_00183120,stubbable,rasterizer_text.obj,pass,,50,50,0
0x183650,rasterizer_text_cache_initialize,stubbable,rasterizer_text.obj,pass,,50,50,0
0x1836e0,rasterizer_text_set_shadow_color,data_only,rasterizer_text.obj,pass,,50,50,0
0x1836f0,rasterizer_text_cache_flush,data_only,rasterizer_text.obj,pass,,50,50,0
0x183720,rasterizer_text_cache_dispose,stubbable,rasterizer_text.obj,pass,,50,50,0
0x183770,rasterizer_text_get_character_position,stubbable,rasterizer_text.obj,pass,,50,50,0
0x183820,rasterizer_text_evict_character,stubbable,rasterizer_text.obj,pass,,89,90,0
0x183880,rasterizer_text_cache_character,stubbable,rasterizer_text.obj,pass,,50,50,0
0x183c00,rasterizer_text_draw_cached_char,stubbable,rasterizer_text.obj,pass,,49,50,0
0x183cf0,rasterizer_text_draw_cached_chars,data_only,rasterizer_text.obj,pass,,32,50,0
0x184330,rasterizer_transparent_geometry_group_new,data_only,rasterizer_text.obj,pass,,50,50,0
0x184360,rasterizer_secondary_geometry_group_new,data_only,rasterizer_text.obj,pass,,50,50,0
0x184390,rasterizer_secondary_geometry_groups_get,data_only,rasterizer_text.obj,pass,,50,50,0
0x1843b0,rasterizer_transparent_geometry_next_group,data_only,rasterizer_text.obj,pass,,50,50,0
0x184460,rasterizer_transparent_geometry_group_get,data_only,rasterizer_text.obj,pass,,50,50,0
0x130ab0,terminal_string_process_tabs,stubbable,draw_string.obj,pass,,50,50,0
0x130b70,FUN_00130b70,leaf,draw_string.obj,pass,,28,50,0
0x19b3c0,FUN_0019b3c0,data_only,draw_string.obj,pass,,50,50,0
0x19b430,FUN_0019b430,data_only,draw_string.obj,pass,,90,90,0
0x19b510,draw_string_get_string,leaf,draw_string.obj,not_applicable,oracle_extract_failed,0,0,0
0x19b560,draw_string_set_tab_stops,leaf,draw_string.obj,pass,,50,50,0
0x19b5d0,draw_string_set_indents,stubbable,draw_string.obj,pass,,50,50,0
0x19b640,draw_string_set_color,stubbable,draw_string.obj,pass,,50,50,0
0x19b790,draw_string_get_color,stubbable,draw_string.obj,pass,,50,50,0
0x19b7e0,draw_string_set_font_tag,stubbable,draw_string.obj,pass,,50,50,0
0x19b800,draw_string_set_style_justify_flags,stubbable,draw_string.obj,pass,,50,50,0
0x19b8b0,draw_string_set_font,stubbable,draw_string.obj,pass,,50,50,0
0x19b8f0,draw_string_set_highlight,data_only,draw_string.obj,pass,,50,50,0
0x19b910,bitmap_draw_character,data_only,draw_string.obj,not_applicable,oracle_extract_failed,0,0,0
0x19c0a0,FUN_0019c0a0,leaf,draw_string.obj,fail,divergence,10,50,0
0x19c1b0,FUN_0019c1b0,leaf,draw_string.obj,pass,,50,50,0
0x19c3c0,FUN_0019c3c0,leaf,draw_string.obj,pass,,50,50,0
0x108db0,FUN_00108db0,leaf,rectangles.obj,pass,,50,50,1
0x1c93f0,FUN_001c93f0,data_only,bink_sound.obj,pass,,50,50,0
0x11c530,FUN_0011c530,stubbable,lruv_cache.obj,pass,,50,50,0
0x11c580,FUN_0011c580,stubbable,lruv_cache.obj,pass,,90,90,0
0x11c5d0,FUN_0011c5d0,leaf,lruv_cache.obj,pass,,50,50,0
0x11c5f0,FUN_0011c5f0,leaf,lruv_cache.obj,pass,,50,50,0
0x11c780,FUN_0011c780,leaf,lruv_cache.obj,pass,,50,50,1
0x11c790,FUN_0011c790,leaf,lruv_cache.obj,pass,,50,50,1
0x11c7a0,lruv_allocation_size,leaf,lruv_cache.obj,pass,,50,50,0
0x11c7c0,FUN_0011c7c0,leaf,lruv_cache.obj,pass,,50,50,0
0x11c820,lruv_update_function_pointers,leaf,lruv_cache.obj,pass,,50,50,0
0x11c870,lrar_cache_new,stubbable,lruv_cache.obj,pass,,50,50,0
0x11ca60,FUN_0011ca60,leaf,lruv_cache.obj,pass,,26,50,0
0x11cfe0,FUN_0011cfe0,leaf,lruv_cache.obj,pass,,50,50,1
0x11d010,FUN_0011d010,leaf,lruv_cache.obj,pass,,50,50,0
0x11d090,FUN_0011d090,leaf,lruv_cache.obj,pass,,90,90,0
0x11d110,FUN_0011d110,stubbable,lruv_cache.obj,pass,,50,50,0
0x11d250,lru_cache_dispose,stubbable,lruv_cache.obj,pass,,50,50,0
0x11d2a0,FUN_0011d2a0,leaf,lruv_cache.obj,pass,,50,50,0
0x11d300,FUN_0011d300,leaf,lruv_cache.obj,pass,,50,50,0
0x11d320,FUN_0011d320,leaf,lruv_cache.obj,pass,,50,50,0
0x11d3f0,FUN_0011d3f0,leaf,lruv_cache.obj,pass,,50,50,0
0x11d420,FUN_0011d420,leaf,lruv_cache.obj,pass,,50,50,0
0x11d450,FUN_0011d450,leaf,lruv_cache.obj,pass,,50,50,0
0x11d480,lruv_cache_allocation_size,stubbable,lruv_cache.obj,pass,,50,50,0
0x11d4a0,lruv_cache_set_callbacks,stubbable,lruv_cache.obj,pass,,50,50,0
0x11d4f0,lruv_cache_has_query_cb,stubbable,lruv_cache.obj,pass,,50,50,0
0x11d550,lruv_cache_verify,stubbable,lruv_cache.obj,pass,,70,70,0
0x11d780,lruv_cache_initialize,stubbable,lruv_cache.obj,pass,,70,70,0
0x11d890,lruv_cache_dispose,stubbable,lruv_cache.obj,error,emulation_error,0,50,0
0x11d8f0,lruv_block_delete,stubbable,lruv_cache.obj,error,emulation_error,0,50,0
0x11d9d0,lruv_debug_to_file,stubbable,lruv_cache.obj,error,emulation_error,0,50,0
0x11da60,lruv_cache_get_page_usage,stubbable,lruv_cache.obj,pass,,50,50,0
0x11db00,lruv_resize,stubbable,lruv_cache.obj,not_applicable,lifted_extract_failed,0,0,0
0x11db90,FUN_0011db90,stubbable,lruv_cache.obj,pass,,1,50,0
0x11dd60,lruv_new,stubbable,lruv_cache.obj,pass,,50,50,0
0x11ddc0,lruv_cache_dispose_all,stubbable,lruv_cache.obj,error,emulation_error,0,50,0
0x11de10,FUN_0011de10,stubbable,lruv_cache.obj,pass,,36,50,0
0x1bfe90,lruv_cache_new,stubbable,lruv_cache.obj,pass,,50,50,0
0x75380,FUN_00075380,data_only,bitmap_utilities.obj,pass,,50,50,0
0x75630,FUN_00075630,leaf,bitmap_utilities.obj,pass,,65,90,0
0x75a20,FUN_00075a20,data_only,bitmap_utilities.obj,not_applicable,oracle_extract_failed,0,0,0
0x76300,FUN_00076300,data_only,bitmap_utilities.obj,not_applicable,oracle_extract_failed,0,0,0
0x76790,FUN_00076790,data_only,bitmap_utilities.obj,not_applicable,oracle_extract_failed,0,0,0
0x76a70,FUN_00076a70,data_only,bitmap_utilities.obj,pass,,50,50,0
0x76bb0,FUN_00076bb0,stubbable,bitmap_utilities.obj,pass,,50,50,0
0x76bd0,FUN_00076bd0,stubbable,bitmap_utilities.obj,pass,,50,50,0
0x76ff0,FUN_00076ff0,stubbable,bitmap_utilities.obj,pass,,50,50,0
0x77120,FUN_00077120,data_only,bitmap_utilities.obj,pass,,50,50,0
0x77510,FUN_00077510,leaf,bitmap_utilities.obj,pass,,50,50,0
0x77540,FUN_00077540,leaf,bitmap_utilities.obj,pass,,50,50,0
0x77590,FUN_00077590,data_only,bitmap_utilities.obj,pass,,50,50,0
0x77720,FUN_00077720,data_only,bitmap_utilities.obj,pass,,50,50,0
0x779b0,FUN_000779b0,data_only,bitmap_utilities.obj,pass,,50,50,0
0x77cd0,FUN_00077cd0,data_only,bitmap_utilities.obj,not_applicable,oracle_extract_failed,0,0,0
0x77e60,bitmap_fade,data_only,bitmap_utilities.obj,pass,,50,50,0
0x77ff0,FUN_00077ff0,data_only,bitmap_utilities.obj,pass,,50,50,0
0x78460,FUN_00078460,data_only,bitmap_utilities.obj,pass,,50,50,0
0x78b80,FUN_00078b80,data_only,bitmap_utilities.obj,pass,,50,50,0
0x790b0,FUN_000790b0,data_only,bitmap_utilities.obj,pass,,50,50,0
0x79180,FUN_00079180,data_only,bitmap_utilities.obj,pass,,50,50,0
0x79250,FUN_00079250,data_only,bitmap_utilities.obj,pass,,50,50,0
0x79480,FUN_00079480,data_only,bitmap_utilities.obj,not_applicable,oracle_truncated,0,0,0
0x79590,FUN_00079590,data_only,bitmap_utilities.obj,pass,,50,50,0
0x79630,FUN_00079630,data_only,bitmap_utilities.obj,pass,,50,50,0
0x796e0,FUN_000796e0,data_only,bitmap_utilities.obj,not_applicable,oracle_extract_failed,0,0,0
0x798e0,FUN_000798e0,data_only,bitmap_utilities.obj,not_applicable,oracle_extract_failed,0,0,0
0x79bb0,FUN_00079bb0,data_only,bitmap_utilities.obj,not_applicable,oracle_extract_failed,0,0,0
0x79e70,FUN_00079e70,data_only,bitmap_utilities.obj,not_applicable,oracle_extract_failed,0,0,0
0x7a1e0,FUN_0007a1e0,data_only,bitmap_utilities.obj,not_applicable,oracle_extract_failed,0,0,0
0x7a4a0,bitmap_2d_uncompress_from_mipmap,data_only,bitmap_utilities.obj,not_applicable,oracle_extract_failed,0,0,0
0x7a750,real_rgb_color_brightness,data_only,bitmap_utilities.obj,pass,,50,50,0
0x7a780,rgb_color_to_hsv_color,data_only,bitmap_utilities.obj,not_applicable,oracle_extract_failed,0,0,0
0x7a970,hsv_color_to_rgb_color,data_only,bitmap_utilities.obj,not_applicable,oracle_extract_failed,0,0,0
0x7ab50,bitmap_clone,leaf,bitmap_utilities.obj,pass,,50,50,0
0x7ace0,real_hsv_color_to_real_rgb_color,data_only,bitmap_utilities.obj,pass,,36,50,0
0x7ae70,argb_color_to_real_argb_color,data_only,bitmap_utilities.obj,pass,,50,50,0
0x7aed0,rgb_color_to_real_rgb_color,data_only,bitmap_utilities.obj,pass,,50,50,0
0x7af20,pixel32_to_real_argb_color,data_only,bitmap_utilities.obj,pass,,50,50,0
0x7afb0,pixel32_to_real_rgb_color,data_only,bitmap_utilities.obj,pass,,50,50,0
0x7b020,valid_real_rgb_color,data_only,bitmap_utilities.obj,pass,,50,50,0
0x7b0e0,bitmap_shrink,data_only,bitmap_utilities.obj,pass,,50,50,0
0x7b1b0,bitmap_smooth,stubbable,bitmap_utilities.obj,pass,,50,50,0
0x7b310,bitmap_sharpen,data_only,bitmap_utilities.obj,not_applicable,oracle_extract_failed,0,0,0
0x7b470,bitmap_alpha_bleed,data_only,bitmap_utilities.obj,pass,,50,50,0
0x7b940,FUN_0007b940,data_only,bitmap_utilities.obj,not_applicable,oracle_extract_failed,0,0,0
0x971a0,FUN_000971a0,stubbable,edit_text.obj,pass,,50,50,0
0x19d080,unicode_is_multibyte,stubbable,international_strings.obj,pass,,50,50,0
0xfae30,weapon_preprocess_node_orientations,stubbable,weapons.obj,pass,,50,50,0
0xfae80,weapon_get_label,stubbable,weapons.obj,pass,,50,50,0
0xfaeb0,weapon_set_integrated_light_power,stubbable,weapons.obj,pass,,50,50,0
0xfaed0,weapon_estimate_time_to_target,stubbable,weapons.obj,pass,,50,50,0
0xfb090,weapon_must_be_readied,stubbable,weapons.obj,pass,,50,50,0
0xfb0c0,weapon_is_flag,stubbable,weapons.obj,pass,,50,50,0
0xfb0f0,weapon_prevents_grenade_throwing,stubbable,weapons.obj,pass,,50,50,0
0xfb140,weapon_get_animation_frame,stubbable,weapons.obj,pass,,50,50,0
0xfb2f0,weapon_overcharged,stubbable,weapons.obj,pass,,50,50,0
0xfb370,FUN_000fb370,stubbable,weapons.obj,pass,,50,50,0
0xfb3c0,weapon_has_activity,stubbable,weapons.obj,pass,,50,50,0
0xfb6e0,weapon_start_effect,stubbable,weapons.obj,pass,,50,50,0
0xfba20,weapon_set_animation_state,stubbable,weapons.obj,fail,divergence,42,50,0
0xfbbd0,weapon_set_total_rounds,stubbable,weapons.obj,pass,,50,50,0
0xfc290,weapon_handle_potential_inventory_item,stubbable,weapons.obj,pass,,50,50,0
0xfc990,FUN_000fc990,stubbable,weapons.obj,fail,divergence,0,50,0
0xfcf20,weapon_reset_state,stubbable,weapons.obj,pass,,50,50,0
0xfd180,weapon_set_current_amount,stubbable,weapons.obj,pass,,50,50,0
0xfd2e0,weapon_activate,stubbable,weapons.obj,pass,,41,50,0
0xfd360,weapon_try_place,stubbable,weapons.obj,fail,divergence,84,90,0
0xfd400,weapon_aim,stubbable,weapons.obj,pass,,50,50,0
0x211f0,actor_combat_get_firing_variant_definition,stubbable,actor_combat.obj,pass,,50,50,0
0x20f80,actor_combat_check_mode,stubbable,actor_combat.obj,pass,,50,50,0
0x21130,actor_combat_get_weapon_vector,stubbable,actor_combat.obj,pass,,50,50,0
0x21270,actor_combat_get_burst_parameters,stubbable,actor_combat.obj,pass,,50,50,0
0x21010,FUN_00021010,stubbable,actor_combat.obj,pass,,50,50,0
0x21350,FUN_00021350,leaf,actor_combat.obj,pass,,50,50,1
0x21710,actor_combat_compute_ballistic_solution,stubbable,actor_combat.obj,pass,,50,50,0
0x219e0,actor_combat_find_grenade_target,stubbable,actor_combat.obj,pass,,50,50,0
0x2e560,actor_move_update,stubbable,actor_moving.obj,pass,,50,50,0
0x2a540,midpoint3d,data_only,actor_moving.obj,pass,,50,50,0
0x2a610,actor_get_stopping_distances,stubbable,actor_moving.obj,pass,,50,50,0
0x2a7e0,actor_move_animation_impulse,stubbable,actor_moving.obj,pass,,50,50,0
0x2a8f0,actor_move_try_evasion_vector,stubbable,actor_moving.obj,pass,,50,50,0
0x2ab40,actor_move_try_evasion_direction,stubbable,actor_moving.obj,not_applicable,oracle_truncated,0,0,0
0x2ace0,actor_aim_jump,stubbable,actor_moving.obj,pass,,50,50,0
0x2ade0,FUN_0002ade0,stubbable,actor_moving.obj,pass,,90,90,0
0x2b400,actor_move_transform_avoidance_vector,data_only,actor_moving.obj,pass,,50,50,0
0x2b490,actor_move_get_avoidance_vector,data_only,actor_moving.obj,pass,,50,50,0
0x2b830,FUN_0002b830,stubbable,actor_moving.obj,fail,divergence,11,50,0
0x2bab0,FUN_0002bab0,stubbable,actor_moving.obj,pass,,50,50,0
0x2d720,actor_move_to_point,stubbable,actor_moving.obj,pass,,50,50,0
0x2d850,actor_move_to_move_position,stubbable,actor_moving.obj,fail,divergence,47,50,0
0x2d900,actor_move_to_firing_position,stubbable,actor_moving.obj,pass,,50,50,0
0x2d9b0,actor_move_to_prop,stubbable,actor_moving.obj,pass,,45,50,0
0x2daa0,actor_move_compute_facing,stubbable,actor_moving.obj,error,emulation_error,0,50,0
0x2f1a0,FUN_0002f1a0,stubbable,actor_perception.obj,pass,,50,50,0
0x2f230,FUN_0002f230,stubbable,actor_perception.obj,pass,,50,50,0
0x2f2b0,actor_perception_acknowledge,stubbable,actor_perception.obj,pass,,50,50,0
0x2f380,FUN_0002f380,stubbable,actor_perception.obj,pass,,50,50,0
0x2f5b0,FUN_0002f5b0,leaf,actor_perception.obj,pass,,50,50,0
0x2f910,actor_perception_find_prop_pathfinding_location,stubbable,actor_perception.obj,pass,,50,50,0
0x2f9b0,actor_perception_find_killer_prop_index,stubbable,actor_perception.obj,pass,,50,50,0
0x2fa70,actor_get_best_damaging_prop,stubbable,actor_perception.obj,pass,,50,50,0
0x2fb70,actor_perception_forget_recent_damage,stubbable,actor_perception.obj,pass,,50,50,0
0x2fbc0,actor_perception_retreat_successful,stubbable,actor_perception.obj,pass,,50,50,0
0x2fc20,actor_get_perception_knowledge,stubbable,actor_perception.obj,pass,,50,50,0
0x355f0,FUN_000355f0,stubbable,actor_perception.obj,pass,,50,50,0
0x42a30,ai_communication_initialize,data_only,ai_communication.obj,error,emulation_error,0,50,0
0x42b80,ai_communication_dispose,leaf,ai_communication.obj,pass,,50,50,0
0x42b90,ai_communication_initialize_for_new_map,stubbable,ai_communication.obj,pass,,50,50,0
0x42ca0,ai_communication_dispose_from_old_map,stubbable,ai_communication.obj,pass,,50,50,0
0x434c0,ai_conversation_line,stubbable,ai_communication.obj,pass,,50,50,0
0x43520,ai_conversation_advance,stubbable,ai_communication.obj,pass,,50,50,0
0x48f50,ai_debug_dispose,stubbable,ai_debug.obj,pass,,50,50,0
0x48fa0,ai_debug_dispose_from_old_map,stubbable,ai_debug.obj,pass,,50,50,0
0x49000,ai_debug_clear_storage,stubbable,ai_debug.obj,pass,,50,50,0
0x49080,ai_debug_actor_deleted,data_only,ai_debug.obj,pass,,50,50,0
0x490c0,ai_debug_get_newest_path_storage,data_only,ai_debug.obj,not_applicable,oracle_truncated,0,0,0
0x49220,ai_debug_select_encounter,stubbable,ai_debug.obj,pass,,2,50,0
0x493b0,ai_debug_point3d_set,leaf,ai_debug.obj,not_applicable,oracle_truncated,0,0,0
0x493d0,ai_debug_get_last_path,data_only,ai_debug.obj,not_applicable,oracle_truncated,0,0,0
0x49430,ai_debug_lineoffire_addpill,stubbable,ai_debug.obj,pass,,50,50,0
0x494d0,FUN_000494d0,data_only,ai_debug.obj,pass,,50,50,0
0x494e0,FUN_000494e0,data_only,ai_debug.obj,not_applicable,oracle_truncated,0,0,0
0x496c0,ai_debug_highlight_cluster,stubbable,ai_debug.obj,pass,,50,50,0
0x49990,ai_debug_render_points_and_lines,data_only,ai_debug.obj,pass,,50,50,0
0x49ac0,ai_debug_describe_actor,stubbable,ai_debug.obj,pass,,50,50,0
0x49c70,FUN_00049c70,stubbable,ai_debug.obj,pass,,50,50,0
0x49f60,ai_debug_vocalize,stubbable,ai_debug.obj,pass,,55,55,0
0x4a220,ai_debug_speak,stubbable,ai_debug.obj,pass,,50,50,0
0x4a290,ai_debug_speak_list,stubbable,ai_debug.obj,pass,,50,50,0
0x4a460,ai_debug_toggle_flags,stubbable,ai_debug.obj,pass,,70,70,0
0x4a650,ai_debug_communication_suppress,data_only,ai_debug.obj,pass,,50,50,0
0x4a680,ai_debug_communication_ignore,data_only,ai_debug.obj,pass,,50,50,0
0x4a6b0,ai_debug_communication_focus,data_only,ai_debug.obj,pass,,50,50,0
0x4a6e0,ai_debug_idle_look_clear,data_only,ai_debug.obj,not_applicable,oracle_truncated,0,0,0
0x4a710,ai_debug_idle_look_addprop,stubbable,ai_debug.obj,pass,,50,50,0
0x4a8c0,FUN_0004a8c0,stubbable,ai_debug.obj,pass,,50,50,0
0x4a9f0,FUN_0004a9f0,leaf,ai_debug.obj,pass,,90,90,0
0x4afa0,ai_debug_change_selected_encounter,stubbable,ai_debug.obj,error,emulation_error,0,50,0
0x4b0f0,ai_debug_teleport_to,stubbable,ai_debug.obj,pass,,50,50,0
0x4b1b0,ai_debug_select_actor,data_only,ai_debug.obj,pass,,3,50,0
0x4b2b0,FUN_0004b2b0,data_only,ai_debug.obj,pass,,50,50,0
0x4b7a0,FUN_0004b7a0,stubbable,ai_debug.obj,pass,,50,50,0
0x4c0f0,ai_debug_initialize_for_new_map,stubbable,ai_debug.obj,error,emulation_error,0,50,0
0x4c170,ai_debug_change_selected_actor,stubbable,ai_debug.obj,pass,,50,50,0
0x52ab0,FUN_00052ab0,leaf,ai_debug.obj,pass,,50,50,0
0x534d0,FUN_000534d0,stubbable,ai_debug.obj,pass,,50,50,0
0x53620,set_real_point3d,stubbable,ai_debug.obj,pass,,50,50,0
0x53650,FUN_00053650,stubbable,ai_debug.obj,pass,,50,50,0
0x53790,FUN_00053790,stubbable,ai_debug.obj,pass,,50,50,0
0x53890,FUN_00053890,stubbable,ai_debug.obj,pass,,50,50,0
0x538d0,FUN_000538d0,data_only,ai_debug.obj,pass,,50,50,0
0x538f0,FUN_000538f0,stubbable,ai_debug.obj,pass,,50,50,0
0x53960,FUN_00053960,stubbable,ai_debug.obj,pass,,50,50,0
0x539c0,FUN_000539c0,stubbable,ai_debug.obj,pass,,50,50,0
0x53a20,FUN_00053a20,stubbable,ai_debug.obj,pass,,50,50,0
0x53a90,FUN_00053a90,stubbable,ai_debug.obj,pass,,50,50,0
0x53af0,FUN_00053af0,stubbable,ai_debug.obj,pass,,50,50,0
0x540b0,ai_script_initialize,leaf,ai_profile.obj,pass,,50,50,0
0x540c0,ai_script_dispose,leaf,ai_profile.obj,pass,,50,50,0
0x540d0,ai_script_initialize_for_new_map,leaf,ai_profile.obj,pass,,50,50,0
0x540e0,ai_script_dispose_from_old_map,leaf,ai_profile.obj,pass,,50,50,0
0x54220,ai_index_to_string,stubbable,ai_profile.obj,error,mem-limit,0,0,0
0x54310,ai_index_platoon_iterator_new,stubbable,ai_profile.obj,pass,,50,50,0
0x54430,ai_index_platoon_iterator_next,stubbable,ai_profile.obj,pass,,50,50,0
0x544a0,ai_index_squad_iterator_new,stubbable,ai_profile.obj,pass,,50,50,0
0x545a0,ai_index_squad_iterator_next,stubbable,ai_profile.obj,pass,,23,50,0
0x54680,ai_index_actor_iterator_new,stubbable,ai_profile.obj,pass,,50,50,0
0x54750,ai_index_actor_iterator_next,stubbable,ai_profile.obj,pass,,50,50,0
0x547c0,FUN_000547c0,stubbable,ai_profile.obj,pass,,50,50,0
0x54860,FUN_00054860,stubbable,ai_profile.obj,pass,,50,50,0
0x54a80,FUN_00054a80,stubbable,ai_profile.obj,pass,,3,50,0
0x54ac0,FUN_00054ac0,stubbable,ai_profile.obj,pass,,50,50,0
0x54b20,FUN_00054b20,stubbable,ai_profile.obj,pass,,50,50,0
0x54bb0,FUN_00054bb0,stubbable,ai_profile.obj,pass,,50,50,0
0x54ca0,FUN_00054ca0,stubbable,ai_profile.obj,pass,,50,50,0
0x54d00,FUN_00054d00,stubbable,ai_profile.obj,pass,,50,50,0
0x54d60,FUN_00054d60,stubbable,ai_profile.obj,pass,,50,50,0
0x54df0,FUN_00054df0,stubbable,ai_profile.obj,pass,,50,50,0
0x54e20,FUN_00054e20,stubbable,ai_profile.obj,pass,,50,50,0
0x54e40,FUN_00054e40,stubbable,ai_profile.obj,pass,,50,50,0
0x54e80,FUN_00054e80,stubbable,ai_profile.obj,pass,,50,50,0
0x54f90,FUN_00054f90,stubbable,ai_profile.obj,pass,,50,50,0
0x55010,FUN_00055010,stubbable,ai_profile.obj,pass,,50,50,0
0x55090,FUN_00055090,stubbable,ai_profile.obj,pass,,50,50,0
0x55110,FUN_00055110,stubbable,ai_profile.obj,pass,,50,50,0
0x551e0,FUN_000551e0,stubbable,ai_profile.obj,pass,,3,50,0
0x55220,FUN_00055220,stubbable,ai_profile.obj,pass,,50,50,0
0x552b0,FUN_000552b0,stubbable,ai_profile.obj,pass,,50,50,0
0x55620,FUN_00055620,leaf,ai_profile.obj,error,emulation_error,0,50,0
0x55640,FUN_00055640,leaf,ai_profile.obj,error,emulation_error,0,50,0
0x55660,FUN_00055660,leaf,ai_profile.obj,error,emulation_error,0,50,0
0x55680,FUN_00055680,leaf,ai_profile.obj,error,emulation_error,0,50,0
0x556c0,FUN_000556c0,leaf,ai_profile.obj,error,emulation_error,0,50,1
0x55750,FUN_00055750,stubbable,ai_profile.obj,pass,,50,50,0
0x557e0,FUN_000557e0,stubbable,ai_profile.obj,pass,,50,50,0
0x55870,FUN_00055870,stubbable,ai_profile.obj,pass,,50,50,0
0x55900,FUN_00055900,stubbable,ai_profile.obj,pass,,50,50,0
0x559a0,FUN_000559a0,stubbable,ai_profile.obj,fail,divergence,14,50,0
0x58cc0,ai_scripting_follow_distance,stubbable,ai_script.obj,not_applicable,lifted_extract_failed,0,0,0
0x58d40,ai_renew,stubbable,ai_script.obj,pass,,50,50,0
0x53bf0,FUN_00053bf0,stubbable,encounters.obj,pass,,50,50,0
0x53c50,FUN_00053c50,stubbable,encounters.obj,pass,,50,50,0
0x53da0,FUN_00053da0,stubbable,encounters.obj,pass,,50,50,0
0x53e20,FUN_00053e20,leaf,encounters.obj,fail,divergence,22,50,0
0x53e80,FUN_00053e80,leaf,encounters.obj,pass,,50,50,0
0x53ee0,FUN_00053ee0,leaf,encounters.obj,pass,,50,50,0
0x563c0,FUN_000563c0,stubbable,encounters.obj,pass,,4,50,0
0x564b0,FUN_000564b0,data_only,encounters.obj,pass,,7,50,0
0x565c0,FUN_000565c0,data_only,encounters.obj,pass,,50,50,0
0x566a0,FUN_000566a0,stubbable,encounters.obj,pass,,50,50,0
0x56790,FUN_00056790,stubbable,encounters.obj,pass,,50,50,0
0x567e0,FUN_000567e0,stubbable,encounters.obj,pass,,50,50,0
0x56830,FUN_00056830,leaf,encounters.obj,pass,,50,50,0
0x568e0,FUN_000568e0,stubbable,encounters.obj,pass,,50,50,0
0x56980,FUN_00056980,stubbable,encounters.obj,pass,,50,50,0
0x56a20,FUN_00056a20,stubbable,encounters.obj,pass,,9,50,0
0x56b20,FUN_00056b20,stubbable,encounters.obj,pass,,3,50,0
0x56bc0,FUN_00056bc0,stubbable,encounters.obj,pass,,3,50,0
0x56d80,FUN_00056d80,stubbable,encounters.obj,pass,,50,50,0
0x56de0,FUN_00056de0,stubbable,encounters.obj,pass,,50,50,0
0x56e40,FUN_00056e40,stubbable,encounters.obj,pass,,50,50,0
0x56ed0,FUN_00056ed0,stubbable,encounters.obj,pass,,50,50,0
0x56fa0,FUN_00056fa0,stubbable,encounters.obj,pass,,50,50,0
0x57030,FUN_00057030,stubbable,encounters.obj,pass,,50,50,0
0x570d0,FUN_000570d0,stubbable,encounters.obj,pass,,50,50,0
0x57190,FUN_00057190,stubbable,encounters.obj,pass,,50,50,0
0x57230,FUN_00057230,stubbable,encounters.obj,pass,,50,50,0
0x572c0,FUN_000572c0,stubbable,encounters.obj,pass,,50,50,0
0x575d0,FUN_000575d0,stubbable,encounters.obj,pass,,50,50,0
0x576a0,FUN_000576a0,stubbable,encounters.obj,pass,,5,50,0
0x57770,FUN_00057770,data_only,encounters.obj,pass,,50,50,0
0x57850,FUN_00057850,stubbable,encounters.obj,pass,,50,50,0
0x57900,FUN_00057900,data_only,encounters.obj,pass,,50,50,0
0x579d0,FUN_000579d0,stubbable,encounters.obj,pass,,50,50,0
0x57aa0,FUN_00057aa0,stubbable,encounters.obj,pass,,50,50,0
0x57bc0,FUN_00057bc0,stubbable,encounters.obj,fail,divergence,3,50,0
0x57c60,FUN_00057c60,leaf,encounters.obj,pass,,50,50,0
0x57c70,FUN_00057c70,stubbable,encounters.obj,pass,,50,50,0
0x57d00,FUN_00057d00,stubbable,encounters.obj,pass,,50,50,0
0x57ef0,FUN_00057ef0,data_only,encounters.obj,pass,,50,50,0
0x57f90,FUN_00057f90,stubbable,encounters.obj,pass,,50,50,0
0x57fd0,FUN_00057fd0,stubbable,encounters.obj,pass,,50,50,0
0x58020,FUN_00058020,stubbable,encounters.obj,pass,,50,50,0
0x58070,FUN_00058070,stubbable,encounters.obj,pass,,50,50,0
0x58110,FUN_00058110,stubbable,encounters.obj,pass,,50,50,0
0x581b0,FUN_000581b0,stubbable,encounters.obj,pass,,50,50,0
0x58220,FUN_00058220,stubbable,encounters.obj,pass,,50,50,0
0x58270,FUN_00058270,stubbable,encounters.obj,pass,,50,50,0
0x58310,FUN_00058310,stubbable,encounters.obj,pass,,50,50,0
0x58390,FUN_00058390,stubbable,encounters.obj,pass,,50,50,0
0x58410,FUN_00058410,stubbable,encounters.obj,pass,,50,50,0
0x584a0,FUN_000584a0,stubbable,encounters.obj,pass,,50,50,0
0x58550,FUN_00058550,stubbable,encounters.obj,pass,,50,50,0
0x585d0,FUN_000585d0,stubbable,encounters.obj,pass,,50,50,0
0x58640,FUN_00058640,stubbable,encounters.obj,pass,,50,50,0
0x586a0,FUN_000586a0,stubbable,encounters.obj,pass,,50,50,0
0x587d0,FUN_000587d0,stubbable,encounters.obj,pass,,50,50,0
0x58860,FUN_00058860,stubbable,encounters.obj,pass,,50,50,0
0x588d0,FUN_000588d0,stubbable,encounters.obj,pass,,50,50,0
0x58970,FUN_00058970,stubbable,encounters.obj,pass,,50,50,0
0x58a40,FUN_00058a40,stubbable,encounters.obj,pass,,90,90,0
0x58af0,FUN_00058af0,stubbable,encounters.obj,pass,,50,50,0
0x58c40,FUN_00058c40,stubbable,encounters.obj,not_applicable,oracle_truncated,0,0,0
0x58eb0,encounters_initialize,stubbable,encounters.obj,pass,,50,50,0
0x58fa0,encounters_dispose,leaf,encounters.obj,pass,,50,50,0
0x58fb0,encounter_compute_activation_cluster_bit_vector,stubbable,encounters.obj,pass,,50,50,0
0x58fd0,FUN_00058fd0,stubbable,encounters.obj,not_applicable,oracle_truncated,0,0,0
0x59480,encounter_detach_actor,stubbable,encounters.obj,pass,,50,50,0
0x59630,encounter_attach_unit,stubbable,encounters.obj,pass,,50,50,0
0x59740,encounterless_attach_actor,stubbable,encounters.obj,pass,,50,50,0
0x597f0,encounterless_detach_actor,stubbable,encounters.obj,pass,,50,50,0
0x59930,encounter_get_by_name,stubbable,encounters.obj,pass,,50,50,0
0x59990,encounter_iterator_new,stubbable,encounters.obj,pass,,50,50,0
0x599c0,FUN_000599c0,data_only,encounters.obj,pass,,50,50,0
0x59a00,encounter_actor_iterator_new,data_only,encounters.obj,pass,,50,50,0
0x59a50,encounter_actor_iterator_next,stubbable,encounters.obj,pass,,50,50,0
0x59a90,encounter_actor_iterator_prev,stubbable,encounters.obj,pass,,50,50,0
0x59b10,encounter_iterator_next,stubbable,encounters.obj,pass,,50,50,0
0x59b50,FUN_00059b50,data_only,encounters.obj,pass,,50,50,0
0x59bf0,FUN_00059bf0,stubbable,encounters.obj,error,timeout,0,0,0
0x59c40,FUN_00059c40,stubbable,encounters.obj,error,timeout,0,0,0
0x59d30,encounter_modify_pursuit_desires,stubbable,encounters.obj,not_applicable,oracle_truncated,0,0,0
0x5a050,FUN_0005a050,stubbable,encounters.obj,pass,,50,50,0
0x5a3b0,FUN_0005a3b0,stubbable,encounters.obj,pass,,50,50,0
0x5a430,FUN_0005a430,stubbable,encounters.obj,pass,,50,50,0
0x5a4e0,FUN_0005a4e0,stubbable,encounters.obj,pass,,50,50,0
0x5a640,FUN_0005a640,stubbable,encounters.obj,error,timeout,0,0,0
0x5a6e0,FUN_0005a6e0,stubbable,encounters.obj,error,timeout,0,0,0
0x5aab0,encounter_stand_down,stubbable,encounters.obj,error,timeout,0,0,0
0x5ac60,FUN_0005ac60,leaf,encounters.obj,not_applicable,oracle_truncated,0,0,0
0x5acf0,FUN_0005acf0,stubbable,encounters.obj,pass,,50,50,0
0x5ad60,encounter_set_blind,stubbable,encounters.obj,pass,,50,50,0
0x5ad90,encounter_set_deaf,stubbable,encounters.obj,pass,,50,50,0
0x5adc0,encounter_squad_timer_expire,stubbable,encounters.obj,pass,,50,50,0
0x5af70,FUN_0005af70,stubbable,encounters.obj,pass,,50,50,0
0x5b200,encounters_initialize_for_new_map,stubbable,encounters.obj,pass,,50,50,0
0x5b2a0,encounters_unit_died,stubbable,encounters.obj,pass,,50,50,0
0x5b370,encounter_verify_firing_position_owner_actor_indices,stubbable,encounters.obj,pass,,50,50,0
0x5b4b0,encounter_build_firing_position_owner_actor_indices,stubbable,encounters.obj,pass,,50,50,0
0x5b6e0,encounter_pursuit_position_already_examined,stubbable,encounters.obj,error,timeout,0,0,0
0x5b790,FUN_0005B790,stubbable,encounters.obj,pass,,50,50,0
0x5bad0,encounter_post_combat_select_random_behavior,data_only,encounters.obj,fail,divergence,49,50,0
0x5c630,encounter_set_respawn,stubbable,encounters.obj,error,emulation_error,0,50,0
0x5c940,FUN_0005c940,stubbable,encounters.obj,pass,,50,50,0
0x5d200,encounter_attach_actor,stubbable,encounters.obj,pass,,50,50,0
0x5d420,encounter_update_status,stubbable,encounters.obj,pass,,50,50,0
0x5d890,encounters_update_dirty_status,stubbable,encounters.obj,pass,,50,50,0
0x5d910,encounter_create,stubbable,encounters.obj,error,emulation_error,0,50,0
0x5dc00,FUN_0005dc00,stubbable,encounters.obj,fail,divergence,3,50,0
0x5ddc0,encounters_create_for_new_map,stubbable,encounters.obj,pass,,90,90,0
0x5de80,FUN_0005de80,stubbable,encounters.obj,error,emulation_error,0,50,0
0x5df80,FUN_0005df80,leaf,encounters.obj,pass,,50,50,0
0x5df90,FUN_0005df90,leaf,encounters.obj,pass,,50,50,0
0x5dfa0,FUN_0005dfa0,leaf,encounters.obj,pass,,50,50,0
0x5dfb0,FUN_0005dfb0,leaf,encounters.obj,pass,,50,50,0
0x64100,FUN_00064100,stubbable,props.obj,pass,,50,50,0
0x64140,FUN_00064140,leaf,props.obj,pass,,50,50,0
0x64150,FUN_00064150,stubbable,props.obj,pass,,50,50,0
0x64160,FUN_00064160,stubbable,props.obj,pass,,50,50,0
0x64400,FUN_00064400,stubbable,props.obj,error,timeout,0,0,0
0x64540,FUN_00064540,stubbable,props.obj,pass,,50,50,0
0x64570,FUN_00064570,stubbable,props.obj,pass,,50,50,0
0x64a80,prop_iterator_next,stubbable,props.obj,pass,,2,50,0
0x64ab0,prop_get_active_by_unit_index,stubbable,props.obj,error,timeout,0,0,0
0x63e30,FUN_00063e30,leaf,props.obj,pass,,50,50,0
0x643d0,FUN_000643d0,stubbable,props.obj,fail,divergence,2,50,0
0x645a0,prop_new_unacknowledged,stubbable,props.obj,error,timeout,0,0,0
0x648a0,prop_orphan_transition,stubbable,props.obj,fail,divergence,0,50,0
0x64970,prop_orphan_from_friend,stubbable,props.obj,fail,divergence,0,50,0
0x64b40,FUN_00064b40,stubbable,props.obj,pass,,50,50,0
0x64f50,FUN_00064f50,stubbable,props.obj,pass,,50,50,0
0x64fe0,FUN_00064fe0,data_only,props.obj,not_applicable,lifted_extract_failed,0,0,0
0x65020,FUN_00065020,data_only,props.obj,not_applicable,lifted_extract_failed,0,0,0
0x65060,FUN_00065060,data_only,props.obj,not_applicable,lifted_extract_failed,0,0,0
0x650a0,FUN_000650a0,data_only,props.obj,not_applicable,lifted_extract_failed,0,0,0
0x650e0,FUN_000650e0,data_only,props.obj,not_applicable,lifted_extract_failed,0,0,0
0x65120,FUN_00065120,data_only,props.obj,not_applicable,lifted_extract_failed,0,0,0
0x65160,FUN_00065160,data_only,props.obj,not_applicable,lifted_extract_failed,0,0,0
0x651a0,FUN_000651a0,data_only,props.obj,not_applicable,lifted_extract_failed,0,0,0
0x64cd0,TIFFVGetFieldDefaulted,leaf,tif_dir.obj,not_applicable,oracle_extract_failed,0,0,0
0x64ec0,TIFFGetFieldDefaulted,leaf,tif_dir.obj,pass,,50,50,0
0x652f0,_TIFFVSetField,leaf,tif_dir.obj,not_applicable,oracle_extract_failed,0,0,0
0x689c0,FUN_000689c0,stubbable,tif_error.obj,pass,,50,50,0
0x68a10,FUN_00068a10,data_only,tif_error.obj,pass,,50,50,0
0x68780,FUN_00068780,stubbable,tif_flush.obj,pass,,17,50,0
0x68890,FUN_00068890,data_only,tif_flush.obj,error,mem-limit,0,0,0
0x68940,FUN_00068940,leaf,tif_flush.obj,pass,,50,50,1
0x68970,FUN_00068970,leaf,tif_flush.obj,pass,,50,50,1
0x68a30,FUN_00068a30,data_only,tif_flush.obj,pass,,50,50,0
0x68a50,FUN_00068a50,leaf,tif_flush.obj,pass,,50,50,0
0x68a70,FUN_00068a70,leaf,tif_flush.obj,pass,,50,50,1
0x68bd0,FUN_00068bd0,leaf,tif_flush.obj,pass,,50,50,0
0x68c70,FUN_00068c70,data_only,tif_flush.obj,pass,,50,50,0
0x68d80,FUN_00068d80,leaf,tif_flush.obj,error,emulation_error,0,50,0
0x69180,FUN_00069180,leaf,tif_flush.obj,not_applicable,lifted_extract_failed,0,0,0
0x693b0,FUN_000693b0,leaf,tif_flush.obj,not_applicable,lifted_extract_failed,0,0,0
0x69420,FUN_00069420,leaf,tif_flush.obj,pass,,50,50,0
0x69520,FUN_00069520,stubbable,tif_flush.obj,pass,,50,50,0
0x69590,FUN_00069590,leaf,tif_flush.obj,fail,divergence,14,50,0
0x695c0,FUN_000695c0,stubbable,tif_flush.obj,pass,,50,50,0
0x6a070,FUN_0006a070,stubbable,tif_flush.obj,error,mem-limit,0,0,0
0x6a190,FUN_0006a190,leaf,tif_flush.obj,fail,divergence,0,50,0
0x6a210,FUN_0006a210,leaf,tif_flush.obj,pass,,35,50,0
0x6a260,FUN_0006a260,stubbable,tif_flush.obj,fail,divergence,24,50,0
0x6a310,FUN_0006a310,stubbable,tif_flush.obj,pass,,50,50,0
0x6a910,FUN_0006a910,data_only,tif_flush.obj,pass,,11,50,0
0x6a9a0,FUN_0006a9a0,leaf,tif_flush.obj,pass,,10,50,0
0x6aa40,FUN_0006aa40,leaf,tif_flush.obj,pass,,10,50,0
0x6ab10,FUN_0006ab10,leaf,tif_flush.obj,fail,divergence,7,50,0
0x6ac60,FUN_0006ac60,data_only,tif_flush.obj,pass,,8,50,0
0x6acc0,FUN_0006acc0,leaf,tif_flush.obj,error,timeout,0,0,0
0x6ae10,FUN_0006ae10,leaf,tif_flush.obj,error,timeout,0,0,0
0x6aee0,FUN_0006aee0,leaf,tif_flush.obj,error,timeout,0,0,0
0x6af80,FUN_0006af80,data_only,tif_flush.obj,error,timeout,0,0,0
0x6b0a0,FUN_0006b0a0,data_only,tif_flush.obj,error,timeout,0,0,0
0x6b190,FUN_0006b190,leaf,tif_flush.obj,pass,,8,50,0
0x6b2d0,FUN_0006b2d0,leaf,tif_flush.obj,pass,,7,50,0
0x6b780,FUN_0006b780,data_only,tif_flush.obj,pass,,50,50,0
0x6c400,TIFFReadRGBAImage,stubbable,tif_open.obj,pass,,50,50,0
0x6c680,FUN_0006c680,leaf,tif_open.obj,pass,,43,50,1
0x6c6f0,FUN_0006c6f0,leaf,tif_open.obj,pass,,38,50,1
0x6c860,FUN_0006c860,leaf,tif_open.obj,pass,,43,50,1
0x6c8d0,FUN_0006c8d0,leaf,tif_open.obj,pass,,38,50,1
0x6c960,FUN_0006c960,stubbable,tif_open.obj,pass,,50,50,0
0x6cac0,FUN_0006cac0,stubbable,tif_open.obj,pass,,50,50,0
0x6cb00,FUN_0006cb00,leaf,tif_open.obj,pass,,50,50,0
0x6ccf0,FUN_0006ccf0,leaf,tif_open.obj,error,emulation_error,0,50,1
0x6cd40,FUN_0006cd40,leaf,tif_open.obj,fail,divergence,0,50,0
0x6cda0,FUN_0006cda0,leaf,tif_open.obj,error,emulation_error,0,50,0
0x6cde0,FUN_0006cde0,leaf,tif_open.obj,pass,,50,50,0
0x6ce60,FUN_0006ce60,stubbable,tif_open.obj,pass,,50,50,0
0x6d140,FUN_0006d140,leaf,tif_open.obj,pass,,50,50,0
0x6d180,FUN_0006d180,leaf,tif_open.obj,pass,,50,50,0
0x6d1e0,FUN_0006d1e0,stubbable,tif_open.obj,pass,,50,50,0
0x6d2d0,FUN_0006d2d0,leaf,tif_open.obj,fail,divergence,0,50,0
0x6d340,FUN_0006d340,leaf,tif_open.obj,pass,,44,50,0
0x6d4d0,FUN_0006d4d0,leaf,tif_open.obj,pass,,50,50,1
0x6d820,TIFFScanlineSize,leaf,tif_open.obj,pass,,50,50,0
0x6d850,TIFFFileName,leaf,tif_open.obj,pass,,50,50,1
0x6d860,TIFFFileno,leaf,tif_open.obj,pass,,50,50,1
0x6d870,TIFFGetMode,leaf,tif_open.obj,pass,,50,50,1
0x6d880,TIFFIsTiled,leaf,tif_open.obj,pass,,50,50,1
0x6d8a0,TIFFCurrentRow,leaf,tif_open.obj,pass,,50,50,0
0x6d8b0,TIFFCurrentDirectory,leaf,tif_open.obj,pass,,50,50,0
0x6d8c0,TIFFCurrentStrip,leaf,tif_open.obj,pass,,50,50,0
0x6d8d0,TIFFCurrentTile,leaf,tif_open.obj,pass,,50,50,0
0x6d8e0,FUN_0006d8e0,stubbable,tif_open.obj,pass,,46,50,0
0x6d980,FUN_0006d980,stubbable,tif_open.obj,pass,,50,50,0
0x6d9c0,FUN_0006d9c0,leaf,tif_open.obj,pass,,21,50,0
0x6dbf0,FUN_0006dbf0,leaf,tif_open.obj,pass,,50,50,0
0x6dd00,FUN_0006dd00,leaf,tif_open.obj,pass,,16,50,1
0x6dd50,FUN_0006dd50,leaf,tif_open.obj,pass,,50,50,1
0x6dda0,TIFFPrintDirectory,leaf,tif_open.obj,not_applicable,oracle_truncated,0,0,0
0x849f0,FUN_000849f0,stubbable,bored_camera.obj,pass,,50,50,0
0x114630,inflate_blocks_free,stubbable,circular_queue.obj,pass,,36,50,0
0x114690,inflate_set_dictionary,stubbable,circular_queue.obj,error,mem-limit,0,0,0
0x1146c0,FUN_001146c0,leaf,circular_queue.obj,pass,,50,50,1
0x1146e0,inflate_codes_new,stubbable,circular_queue.obj,pass,,28,50,0
0x114f60,inflate_codes_free,stubbable,circular_queue.obj,pass,,26,50,0
0x1153c0,inflateReset,stubbable,circular_queue.obj,pass,,90,90,0
0x1155c0,inflateInit_,leaf,circular_queue.obj,error,emulation_error,0,50,0
0x115a00,inflateSetDictionary,stubbable,circular_queue.obj,pass,,90,90,0
0x115b70,inflateSyncPoint,leaf,circular_queue.obj,pass,,50,50,0
0x115ba0,FUN_00115ba0,leaf,circular_queue.obj,pass,,1,50,0
0x116250,inflate_trees_fixed,data_only,circular_queue.obj,fail,divergence,0,50,0
0x116390,FUN_00116390,stubbable,circular_queue.obj,pass,,4,50,0
0x116460,FUN_00116460,leaf,circular_queue.obj,pass,,50,50,0
0x1164d0,FUN_001164d0,leaf,circular_queue.obj,pass,,50,50,0
0x1167f0,FUN_001167f0,leaf,circular_queue.obj,pass,,41,50,0
0x117000,FUN_00117000,leaf,circular_queue.obj,pass,,50,50,0
0x1170b0,FUN_001170b0,leaf,circular_queue.obj,pass,,50,50,0
0x117130,FUN_00117130,leaf,circular_queue.obj,pass,,50,50,0
0x1171a0,FUN_001171a0,leaf,circular_queue.obj,pass,,23,50,0
0x117250,_tr_init,data_only,circular_queue.obj,error,emulation_error,0,50,0
0x1173f0,FUN_001173f0,leaf,circular_queue.obj,error,emulation_error,0,50,0
0x1176f0,_tr_align,stubbable,circular_queue.obj,pass,,50,50,0
0x1179e0,uncompress,data_only,circular_queue.obj,error,emulation_error,0,50,0
0x117a80,FUN_00117a80,stubbable,circular_queue.obj,pass,,50,50,0
0x117ab0,zError,data_only,circular_queue.obj,pass,,50,50,0
0x117ad0,FUN_00117ad0,stubbable,circular_queue.obj,pass,,50,50,0
0x117b00,FUN_00117b00,stubbable,circular_queue.obj,pass,,50,50,0
0x117b20,array_new,stubbable,circular_queue.obj,pass,,50,50,0
0x117b90,array_resize,stubbable,circular_queue.obj,pass,,50,50,0
0x117cf0,FUN_00117cf0,stubbable,circular_queue.obj,pass,,50,50,0
0x117da0,FUN_00117da0,stubbable,circular_queue.obj,pass,,50,50,0
0x117ee0,FUN_00117ee0,stubbable,circular_queue.obj,pass,,50,50,0
0x117ff0,FUN_00117ff0,stubbable,circular_queue.obj,pass,,50,50,0
0x118190,FUN_00118190,stubbable,circular_queue.obj,pass,,43,50,0
0x118260,FUN_00118260,stubbable,circular_queue.obj,fail,divergence,34,50,0
0x118370,FUN_00118370,stubbable,circular_queue.obj,pass,,50,50,0
0x118460,FUN_00118460,stubbable,circular_queue.obj,pass,,50,50,0
0x118620,FUN_00118620,stubbable,circular_queue.obj,pass,,50,50,0
0x1187f0,FUN_001187f0,stubbable,circular_queue.obj,fail,divergence,0,50,0
0x118ba0,FUN_00118ba0,leaf,circular_queue.obj,error,emulation_error,0,50,0
0x118be0,FUN_00118be0,stubbable,circular_queue.obj,pass,,49,50,0
0x118cb0,FUN_00118cb0,stubbable,circular_queue.obj,pass,,40,50,0
0x118d60,circular_queue_reset,leaf,circular_queue.obj,pass,,50,50,0
0x118de0,circular_queue_new,stubbable,circular_queue.obj,pass,,50,50,0
0x118e40,circular_queue_delete,stubbable,circular_queue.obj,pass,,25,50,0
0x120500,FUN_00120500,data_only,model_animations.obj,pass,,50,50,0
0x120810,quaternion_decompress_8byte,data_only,model_animations.obj,pass,,50,50,0
0x120870,quaternion_decompress_6byte,data_only,model_animations.obj,pass,,50,50,0
0x120cb0,FUN_00120cb0,stubbable,model_animations.obj,pass,,50,50,0
0x120d10,FUN_00120d10,stubbable,model_animations.obj,pass,,50,50,0
0x120f20,model_animation_choose_random,stubbable,model_animations.obj,pass,,40,50,0
0x121640,animation_get_node_orientations,stubbable,model_animations.obj,pass,,90,90,0
0x121940,overlay_animation_apply_continuous_scaled,stubbable,model_animations.obj,pass,,90,90,0
0x1282f0,network_server_allow_client_connections,stubbable,network_connection.obj,pass,,50,50,0
0x128360,network_connection_connected,stubbable,network_connection.obj,pass,,50,50,0
0x1283c0,network_connection_get_address,stubbable,network_connection.obj,pass,,49,50,0
0x1285c0,network_connection_server_accept_client_connection,stubbable,network_connection.obj,pass,,90,90,0
0x128660,network_connection_active,stubbable,network_connection.obj,pass,,50,50,0
0x1286a0,network_connection_going_stale,stubbable,network_connection.obj,pass,,50,50,0
0x1286e0,network_connection_read_unreliable,leaf,network_connection.obj,pass,,70,70,0
0x128d30,network_connection_delete,stubbable,network_connection.obj,pass,,50,50,0
0x128e00,network_connection_write,stubbable,network_connection.obj,pass,,50,50,0
0x1292f0,network_connection_read_reliable,leaf,network_connection.obj,pass,,90,90,0
0x1294d0,network_connection_idle_client_reliable_endpoint,stubbable,network_connection.obj,pass,,50,50,0
0x129a30,network_connection_idle,stubbable,network_connection.obj,pass,,90,90,0
0x128460,network_connection_connect,stubbable,network_connection.obj,pass,,90,90,0
0x128580,network_connection_set_connection_rejection_procedure,stubbable,network_connection.obj,pass,,50,50,0
0x1288e0,network_connection_notify_traffic_event,stubbable,network_connection.obj,pass,,48,50,0
0x128d20,network_connection_keep_alive,stubbable,network_connection.obj,pass,,50,50,0
0x129270,network_connection_new_serverside_client,stubbable,network_connection.obj,pass,,50,50,0
0x1296b0,network_connection_new,stubbable,network_connection.obj,pass,,50,50,0
0x12ab80,network_game_end_and_load_ui,stubbable,network_game_manager.obj,pass,,50,50,0
0x12abc0,network_game_reset_for_next_round,stubbable,network_game_manager.obj,pass,,50,50,0
0x12ac80,network_player_is_valid,leaf,network_game_manager.obj,pass,,50,50,0
0x12acb0,network_game_invalidate_machine,leaf,network_game_manager.obj,pass,,50,50,0
0x12b500,network_game_remove_machine,leaf,network_game_manager.obj,fail,divergence,35,50,0
0x12b650,network_game_log,stubbable,network_game_manager.obj,pass,,50,50,0
0x12a960,network_game_add_machine,leaf,network_game_manager.obj,pass,,50,50,0
0x12aa80,xbox_set_machine_name,stubbable,network_game_manager.obj,pass,,50,50,0
0x12ad60,network_game_add_player,leaf,network_game_manager.obj,pass,,50,50,0
0x12af00,FUN_0012af00,leaf,network_game_manager.obj,pass,,50,50,0
0x12b040,network_game_spawn_player,leaf,network_game_manager.obj,pass,,50,50,0
0x12b150,network_game_invalidate,stubbable,network_game_manager.obj,pass,,50,50,0
0x12b1f0,network_game_update_player,leaf,network_game_manager.obj,pass,,50,50,0
0x12b290,network_game_remove_player,leaf,network_game_manager.obj,pass,,50,50,0
0x12b350,network_game_create_game_objects,stubbable,network_game_manager.obj,pass,,50,50,0
0x12b5e0,network_game_get_random_player_name,stubbable,network_game_manager.obj,pass,,50,50,0
0x146db0,bsp3d_find_leaf,leaf,bsp3d.obj,error,timeout,0,0,0
0x146e30,bsp3d_clip_line_to_leaves,stubbable,bsp3d.obj,error,emulation_error,0,50,0
0x1470b0,FUN_001470b0,stubbable,bsp3d.obj,pass,,75,75,0
0x14ad40,collision_features_init,stubbable,collision_features.obj,pass,,50,50,0
0x14b220,FUN_0014b220,stubbable,collision_features.obj,pass,,50,50,0
0x14b3d0,collision_features_from_vertex,stubbable,collision_features.obj,pass,,50,50,0
0x14b470,collision_features_from_polygon,stubbable,collision_features.obj,pass,,50,50,0
0x14b620,FUN_0014b620,stubbable,collision_features.obj,fail,divergence,37,50,0
0x14b890,collision_features_from_surface,data_only,collision_features.obj,fail,divergence,43,50,0
0x14b960,collision_cylinder_test_point,data_only,collision_features.obj,fail,divergence,36,50,0
0x14bae0,collision_prism_test_point,stubbable,collision_features.obj,pass,,50,50,0
0x1b9920,FUN_001b9920,data_only,cache_files.obj,pass,,50,50,0
0x1b9de0,cache_files_give_time_to_precache,stubbable,cache_files.obj,pass,,50,50,0
0x1b9890,scenario_tags_unload,stubbable,cache_files.obj,pass,,50,50,0
0x1b9ce0,cache_file_header_verify,stubbable,cache_files.obj,pass,,50,50,0
0x24060,FUN_00024060,leaf,actor_firing_position.obj,pass,,50,50,0
0x24130,FUN_00024130,stubbable,actor_firing_position.obj,pass,,90,90,0
0x24450,FUN_00024450,stubbable,actor_firing_position.obj,error,timeout,0,0,0
0x245d0,post_evaluator_hide,data_only,actor_firing_position.obj,pass,,50,50,0
0x246b0,FUN_000246b0,data_only,actor_firing_position.obj,pass,,50,50,0
0x24950,FUN_00024950,stubbable,actor_firing_position.obj,pass,,50,50,0
0x24b80,actor_clear_discarded_firing_positions,stubbable,actor_firing_position.obj,pass,,50,50,0
0x24be0,FUN_00024be0,stubbable,actor_firing_position.obj,pass,,50,50,0
0x106900,convex_polygon2d_verify,leaf,geometry.obj,pass,,50,50,0
0x136750,damage_data_new,stubbable,damage.obj,pass,,50,50,0
0x136790,object_restore_body,stubbable,damage.obj,pass,,50,50,0
0x1367e0,object_double_charge_shield,stubbable,damage.obj,pass,,50,50,0
0x136840,FUN_00136840,stubbable,damage.obj,pass,,50,50,0
0x1368e0,object_can_take_damage,stubbable,damage.obj,error,timeout,0,0,0
0x136930,object_get_maximum_body_vitality,stubbable,damage.obj,error,timeout,0,0,0
0x136980,object_set_ranged_attack_inhibited,stubbable,damage.obj,pass,,50,50,0
0x1369e0,FUN_001369e0,stubbable,damage.obj,pass,,50,50,0
0x136a00,FUN_00136a00,stubbable,damage.obj,pass,,50,50,0
0x136a80,object_get_actual_body_vitality,stubbable,damage.obj,pass,,50,50,0
0x136ae0,object_get_actual_shield_vitality,stubbable,damage.obj,pass,,50,50,0
0x136b40,object_deplete_shield,stubbable,damage.obj,pass,,50,50,0
0x136f40,FUN_00136f40,stubbable,damage.obj,pass,,50,50,0
0x137370,render_debug_object_damage,stubbable,damage.obj,pass,,50,50,0
0x137540,object_deplete_body,stubbable,damage.obj,pass,,50,50,0
0x137620,object_destroy,stubbable,damage.obj,error,emulation_error,0,50,0
0x137690,FUN_00137690,stubbable,damage.obj,pass,,50,50,0
0x137d20,object_cause_damage,stubbable,damage.obj,pass,,50,50,0
0x1384e0,object_damage_update,stubbable,damage.obj,pass,,50,50,0
0x138e30,FUN_00138e30,stubbable,damage.obj,pass,,50,50,0
0x138eb0,FUN_00138eb0,data_only,damage.obj,error,emulation_error,0,50,0
0x138ee0,FUN_00138ee0,stubbable,damage.obj,pass,,50,50,0
0x138f10,FUN_00138f10,leaf,damage.obj,pass,,50,50,0
0x1390d0,FUN_001390d0,stubbable,damage.obj,pass,,50,50,0
0x81b90,transport_address_to_string,stubbable,transport_address.obj,pass,,50,50,0
0x81a90,transport_address_equivalent,stubbable,transport_address.obj,pass,,50,50,0
0x81c80,FUN_00081c80,leaf,transport_address.obj,pass,,43,50,0
0x1bded0,xbox_sound_cache_idle,stubbable,xbox_sound_cache.obj,pass,,50,50,0
0x1bdf10,sound_cache_sound_new,stubbable,xbox_sound_cache.obj,pass,,50,50,0
0x1bdf60,sound_cache_sound_delete,stubbable,xbox_sound_cache.obj,pass,,50,50,0
0x1be3e0,sound_cache_new,stubbable,xbox_sound_cache.obj,error,emulation_error,0,50,0
0x1be490,sound_cache_flush,stubbable,xbox_sound_cache.obj,pass,,50,50,0
0x1be4f0,sound_cache_close,stubbable,xbox_sound_cache.obj,pass,,50,50,0
0x807d0,key_message_xor_keystream,leaf,message_header.obj,pass,,40,50,0
0x80820,tea_encrypt,leaf,message_header.obj,pass,,50,50,1
0x808b0,tea_decrypt,leaf,message_header.obj,pass,,50,50,1
0x80b40,build_message_header,data_only,message_header.obj,pass,,50,50,0
0x80c20,byte_swap_message_header,data_only,message_header.obj,pass,,50,50,0
0x80ca0,create_message,data_only,message_header.obj,fail,divergence,19,50,0
0x80d30,prime_compare,leaf,message_header.obj,pass,,50,50,0
0x960c0,device_new,stubbable,devices.obj,pass,,50,50,0
0x96110,device_export_function_values,stubbable,devices.obj,pass,,50,50,0
0x96310,device_preprocess_node_orientations,stubbable,devices.obj,pass,,50,50,0
0x96470,device_get_position,stubbable,devices.obj,pass,,50,50,0
0x964a0,device_get_power,stubbable,devices.obj,pass,,50,50,0
0x964d0,device_set_never_appears_locked,stubbable,devices.obj,pass,,50,50,0
0x96510,device_group_set_actual_value,data_only,devices.obj,pass,,50,50,0
0x965f0,device_one_sided_set,stubbable,devices.obj,pass,,50,50,0
0x96630,device_operates_automatically_set,stubbable,devices.obj,pass,,50,50,0
0x96670,device_group_change_only_once_more_set,stubbable,devices.obj,pass,,50,50,0
0x966b0,device_group_get_value,stubbable,devices.obj,pass,,50,50,0
0x966d0,device_group_set_real,stubbable,devices.obj,pass,,50,50,0
0x96720,device_can_change_position,stubbable,devices.obj,pass,,50,50,0
0x967a0,FUN_000967a0,stubbable,devices.obj,pass,,50,50,0
0x96850,device_effect_new,stubbable,devices.obj,pass,,50,50,0
0x96900,create_initial_device_groups,stubbable,devices.obj,pass,,50,50,0
0x96a00,device_delete,stubbable,devices.obj,pass,,50,50,0
0x96a90,device_update,stubbable,devices.obj,pass,,50,50,0
0x147380,FUN_00147380,stubbable,collision_bsp.obj,pass,,50,50,0
0x1473b0,collision_surface_edge_count,stubbable,collision_bsp.obj,pass,,50,50,0
0x147410,collision_surface_polygon,stubbable,collision_bsp.obj,pass,,50,50,0
0x147520,render_debug_collision_vertex,stubbable,collision_bsp.obj,pass,,50,50,0
0x147570,render_debug_collision_edge,stubbable,collision_bsp.obj,pass,,50,50,0
0x147660,render_debug_collision_bsp,leaf,collision_bsp.obj,pass,,90,90,0
0x1476a0,collision_edge_length,stubbable,collision_bsp.obj,pass,,50,50,0
0x147710,collision_surface_perimeter,stubbable,collision_bsp.obj,pass,,50,50,0
0x1477f0,collision_surface_area,stubbable,collision_bsp.obj,pass,,50,50,0
0x147990,collision_surface_project_point2d,stubbable,collision_bsp.obj,pass,,50,50,0
0x1479e0,collision_surface_test_point2d,stubbable,collision_bsp.obj,pass,,50,50,0
0x147d10,collision_surface_test_line2d,stubbable,collision_bsp.obj,pass,,50,50,0
0x1486e0,FUN_001486e0,leaf,collision_bsp.obj,pass,,24,50,0
0x148b20,collision_bsp_test_pill_new,leaf,collision_bsp.obj,error,emulation_error,0,50,0
0x1493b0,collision_bsp_test_sphere,data_only,collision_bsp.obj,error,emulation_error,0,50,0
0x14dc30,FUN_0014dc30,stubbable,collision_bsp.obj,pass,,50,50,0
0x14dce0,FUN_0014dce0,leaf,collision_bsp.obj,error,timeout,0,0,0
0x14e7d0,FUN_0014e7d0,stubbable,collision_bsp.obj,pass,,50,50,0
0x14e940,FUN_0014e940,stubbable,collision_bsp.obj,pass,,50,50,0
0x14ea10,FUN_0014ea10,leaf,collision_bsp.obj,error,timeout,0,0,0
0x5dfc0,path_input_new,stubbable,path.obj,pass,,50,50,0
0x5dff0,paths_dispose,leaf,path.obj,pass,,50,50,1
0x5e000,path_input_set_start,leaf,path.obj,pass,,50,50,1
0x5e030,path_input_set_attractor,leaf,path.obj,pass,,50,50,1
0x5e070,path_input_set_search_bounds,leaf,path.obj,pass,,50,50,1
0x5e090,path_state_new,stubbable,path.obj,error,emulation_error,0,50,0
0x5e0d0,FUN_0005e0d0,leaf,path.obj,pass,,50,50,1
0x5e760,path_get_node,stubbable,path.obj,pass,,50,50,0
0x5e830,path_3d_available,stubbable,path.obj,error,timeout,0,0,0
0x5e920,path_3d_build_path,stubbable,path.obj,fail,divergence,0,50,0
0x62960,path_obstacles_debug_render,leaf,path_smoothing.obj,pass,,50,50,0
0x63710,structure_test_ray2d,stubbable,path_smoothing.obj,pass,,50,50,0
0x638f0,FUN_000638f0,stubbable,path_smoothing.obj,fail,divergence,3,50,0
0x63970,FUN_00063970,leaf,path_smoothing.obj,pass,,50,50,0
0x60c40,valid_real_point2d,leaf,path_obstacle_avoidance.obj,pass,,50,50,0
0x1d7b37,FUN_001d7b37,leaf,XAPILIB:xbox_crt.obj,not_applicable,lifted_extract_failed,0,0,0
0x1d7cb4,FUN_001d7cb4,data_only,XAPILIB:xbox_crt.obj,not_applicable,lifted_extract_failed,0,0,0
0x8d410,FUN_0008d410,data_only,static_camera.obj,not_applicable,oracle_truncated,0,0,0
0x1700d0,FUN_001700d0,stubbable,rasterizer_xbox_screen_effect.obj,pass,,50,50,0
0x171bc0,FUN_00171bc0,stubbable,rasterizer_xbox_screen_effect.obj,error,timeout,0,0,0
0x172590,FUN_00172590,stubbable,rasterizer_xbox_shadows.obj,pass,,50,50,0
0x173090,FUN_00173090,stubbable,rasterizer_xbox_shadows.obj,error,timeout,0,0,0
0x16f910,FUN_0016f910,stubbable,rasterizer_xbox_profile.obj,pass,,50,50,0
0x16fa40,FUN_0016fa40,stubbable,rasterizer_xbox_profile.obj,pass,,50,50,0
0x190500,wind_initialize_for_new_map,stubbable,wind.obj,not_applicable,oracle_extract_failed,0,0,0
0x1b750,FUN_0001b750,stubbable,action_vehicle.obj,pass,,50,50,0
0x1b8a0,action_vehicle_perform,stubbable,action_vehicle.obj,not_applicable,lifted_extract_failed,0,0,0
0x17adc0,rasterizer_widget_get_occlusion_test_result,stubbable,rasterizer_xbox_widgets.obj,pass,,50,50,0
0x17ae90,FUN_0017ae90,stubbable,rasterizer_xbox_widgets.obj,pass,,50,50,0
0x17b000,FUN_0017b000,stubbable,rasterizer_xbox_widgets.obj,pass,,50,50,0
0x17b480,FUN_0017b480,stubbable,rasterizer_xbox_widgets.obj,pass,,50,50,0
0x17b540,FUN_0017b540,stubbable,rasterizer_xbox_widgets.obj,error,exit=1,0,0,0
0x17b580,FUN_0017b580,stubbable,rasterizer_xbox_widgets.obj,pass,,50,50,0
0x17b5c0,FUN_0017b5c0,stubbable,rasterizer_xbox_widgets.obj,pass,,50,50,0
0x7ff40,math64_add,leaf,64bit_math.obj,pass,,50,50,0
0x7f3a0,targa_export,stubbable,targa_file.obj,pass,,50,50,0
